ISO-10303-21;
HEADER;
FILE_DESCRIPTION (( 'STEP AP214' ),
    '1' );
FILE_NAME ('hangszedõ adapter.STEP',
    '2026-10-10T07:53:57',
    ( '' ),
    ( '' ),
    'SwSTEP 2.0',
    'SolidWorks 2025',
    '' );
FILE_SCHEMA (( 'AUTOMOTIVE_DESIGN' ));
ENDSEC;

DATA;
#1 = EDGE_CURVE ( 'NONE', #693, #282, #7, .T. ) ;
#2 = CARTESIAN_POINT ( 'NONE',  ( 1.250000000000000444, 10.83663017206718671, 5.868347297152753050 ) ) ;
#3 = ORIENTED_EDGE ( 'NONE', *, *, #1046, .T. ) ;
#4 = CARTESIAN_POINT ( 'NONE',  ( -4.507724115351902761, 24.17900572544937887, -4.250160530384916591 ) ) ;
#5 = CARTESIAN_POINT ( 'NONE',  ( 0.000000000000000000, 0.000000000000000000, 0.000000000000000000 ) ) ;
#6 = CARTESIAN_POINT ( 'NONE',  ( -4.749894639324720558, 35.69452702506757191, 3.901197807116073335 ) ) ;
#7 = B_SPLINE_CURVE_WITH_KNOTS ( 'NONE', 3,
 ( #393, #599, #1171, #69 ),
 .UNSPECIFIED., .F., .F.,
 ( 4, 4 ),
 ( 0.001488531901400675858, 0.001720636735122823939 ),
 .UNSPECIFIED. ) ;
#8 = DIRECTION ( 'NONE',  ( 0.000000000000000000, 0.000000000000000000, -1.000000000000000000 ) ) ;
#9 = CIRCLE ( 'NONE', #1106, 6.000000000000000888 ) ;
#10 = CARTESIAN_POINT ( 'NONE',  ( -4.496770586894761648E-15, 25.49071072270786686, 6.000000000000000888 ) ) ;
#11 = EDGE_CURVE ( 'NONE', #1172, #550, #687, .T. ) ;
#12 = ORIENTED_EDGE ( 'NONE', *, *, #75, .F. ) ;
#13 = DIRECTION ( 'NONE',  ( -1.000000000000000000, 0.000000000000000000, 0.000000000000000000 ) ) ;
#14 = CARTESIAN_POINT ( 'NONE',  ( -5.336891317177041572, 34.92999111281910984, 3.799183962914562063 ) ) ;
#15 = CARTESIAN_POINT ( 'NONE',  ( -9.667383722686926362, 36.48436991751113112, 0.000000000000000000 ) ) ;
#16 = CARTESIAN_POINT ( 'NONE',  ( -9.431058826898556344E-15, 25.49071072270786331, -6.000000000000000888 ) ) ;
#17 = CARTESIAN_POINT ( 'NONE',  ( -0.1636112754373278411, 9.749999999999815259, 6.000000000000040856 ) ) ;
#18 = EDGE_LOOP ( 'NONE', ( #816, #1034, #1249, #1287 ) ) ;
#19 = CARTESIAN_POINT ( 'NONE',  ( 5.920640272234105161, 27.20146575823789803, -1.149337995984970773 ) ) ;
#20 = CARTESIAN_POINT ( 'NONE',  ( -5.369559801919234765, 34.43761643215083268, 5.898668224577124697 ) ) ;
#21 = CARTESIAN_POINT ( 'NONE',  ( -1.212771719537832772E-14, 25.49071072270786686, -6.000000000000000888 ) ) ;
#22 = CARTESIAN_POINT ( 'NONE',  ( 0.4875158807794147675, 25.80911934779072681, -6.000000000000001776 ) ) ;
#23 = ORIENTED_EDGE ( 'NONE', *, *, #405, .T. ) ;
#24 = PRODUCT_CONTEXT ( 'NONE', #223, 'mechanical' ) ;
#25 = DIRECTION ( 'NONE',  ( -0.000000000000000000, 1.000000000000000000, 0.000000000000000000 ) ) ;
#26 = CARTESIAN_POINT ( 'NONE',  ( -3.026741725817764017, 33.97433395577146342, 5.963312010426833787 ) ) ;
#27 = CARTESIAN_POINT ( 'NONE',  ( 2.810593927570081529, 27.32380546488568385, 5.242718331310027402 ) ) ;
#28 = ORIENTED_EDGE ( 'NONE', *, *, #452, .T. ) ;
#29 = VERTEX_POINT ( 'NONE', #731 ) ;
#30 = CARTESIAN_POINT ( 'NONE',  ( 3.569895152617027723, 26.45840549351545690, -4.842230497259842892 ) ) ;
#31 = CARTESIAN_POINT ( 'NONE',  ( -4.038402891422476770, 33.35272156349402906, 5.986913506240421512 ) ) ;
#32 = ADVANCED_FACE ( 'NONE', ( #373 ), #1066, .F. ) ;
#33 = CARTESIAN_POINT ( 'NONE',  ( 0.7304178389463157339, 25.96776459728549113, 6.000000000000000888 ) ) ;
#34 = EDGE_LOOP ( 'NONE', ( #1004, #825, #518, #1042, #481 ) ) ;
#35 = EDGE_CURVE ( 'NONE', #550, #854, #9, .T. ) ;
#36 = CARTESIAN_POINT ( 'NONE',  ( -0.3296838682560209732, 12.21668010672387794, 3.888990893761416157 ) ) ;
#37 = UNCERTAINTY_MEASURE_WITH_UNIT (LENGTH_MEASURE( 1.000000000000000082E-05 ), #467, 'distance_accuracy_value', 'NONE');
#38 = CARTESIAN_POINT ( 'NONE',  ( -6.231367739118698346, 23.70588726910890642, -1.570487309417600397 ) ) ;
#39 = CARTESIAN_POINT ( 'NONE',  ( -11.76738372268692956, 35.53495815280525250, 0.000000000000000000 ) ) ;
#40 = CARTESIAN_POINT ( 'NONE',  ( 0.9421393044691102059, 18.82553285983496139, 3.784952196071626584 ) ) ;
#41 = CARTESIAN_POINT ( 'NONE',  ( -5.965395697663884889, 22.70156456585837290, -12.00000000000001421 ) ) ;
#42 = CARTESIAN_POINT ( 'NONE',  ( -3.655314217318514469, 32.34571061075599374, -5.982637319627482242 ) ) ;
#43 = ADVANCED_FACE ( 'NONE', ( #154 ), #621, .F. ) ;
#44 = CARTESIAN_POINT ( 'NONE',  ( 4.719842310479696046, 26.79978856929636777, -3.704798900148089658 ) ) ;
#45 = CARTESIAN_POINT ( 'NONE',  ( 1.616725545894095815E-14, 25.49071072270787752, 5.999999999999999112 ) ) ;
#46 = DIRECTION ( 'NONE',  ( 1.000000000000000000, 0.000000000000000000, 0.000000000000000000 ) ) ;
#47 = CARTESIAN_POINT ( 'NONE',  ( 0.000000000000000000, 28.20331576472465684, 0.000000000000000000 ) ) ;
#48 = DIRECTION ( 'NONE',  ( 0.000000000000000000, 0.000000000000000000, 1.000000000000000000 ) ) ;
#49 = ADVANCED_FACE ( 'NONE', ( #1053 ), #1273, .F. ) ;
#50 = ORIENTED_EDGE ( 'NONE', *, *, #1385, .F. ) ;
#51 = CARTESIAN_POINT ( 'NONE',  ( 1.081561340389906922, 25.77790532747666674, 5.906610348968668767 ) ) ;
#52 = CARTESIAN_POINT ( 'NONE',  ( -5.829076341988728593, 21.91126581387546679, 1.635037732332068838 ) ) ;
#53 = CARTESIAN_POINT ( 'NONE',  ( -1.250000000000000000, 11.00000000000000000, 3.694252292413175098 ) ) ;
#54 = CARTESIAN_POINT ( 'NONE',  ( -4.173258952093253704, 24.27340293867857923, -4.541643640519835046 ) ) ;
#55 = CARTESIAN_POINT ( 'NONE',  ( -5.965395697663884000, 22.70156456585837290, 0.000000000000000000 ) ) ;
#56 = CARTESIAN_POINT ( 'NONE',  ( -9.667383722686928138, 36.48436991751113112, -2.057630202788239604 ) ) ;
#57 = ORIENTED_EDGE ( 'NONE', *, *, #751, .T. ) ;
#58 = CARTESIAN_POINT ( 'NONE',  ( 1.739464446728774094, 25.95428710596890909, 5.742660462801049803 ) ) ;
#59 = CARTESIAN_POINT ( 'NONE',  ( -4.723402200778769711, 22.58264424995024555, 3.781988099360263256 ) ) ;
#60 = CARTESIAN_POINT ( 'NONE',  ( 5.600417543213906058, 29.08715056690952139, 0.8111645944529435326 ) ) ;
#61 = CARTESIAN_POINT ( 'NONE',  ( -3.258245572826687475, 24.53510103815682442, 5.162917964372929269 ) ) ;
#62 = CARTESIAN_POINT ( 'NONE',  ( 0.000000000000000000, 5.999999999999998224, 0.000000000000000000 ) ) ;
#63 = CARTESIAN_POINT ( 'NONE',  ( 1.092063342753633703, 17.37021414769952443, 5.900124565142456312 ) ) ;
#64 = ORIENTED_EDGE ( 'NONE', *, *, #1385, .T. ) ;
#65 = CARTESIAN_POINT ( 'NONE',  ( 1.917868607858474128, 26.00236040376420021, 5.686591510984258413 ) ) ;
#66 = CARTESIAN_POINT ( 'NONE',  ( -4.723402200778025417, 22.58264424995455499, -3.781988099360979572 ) ) ;
#67 = CARTESIAN_POINT ( 'NONE',  ( 2.132518784788128841, 26.88227877565978474, 5.544571907970412994 ) ) ;
#68 = CARTESIAN_POINT ( 'NONE',  ( -4.894033040842556304, 24.07078188188112478, 3.857819051886428596 ) ) ;
#69 = CARTESIAN_POINT ( 'NONE',  ( -2.794485780130899322, 33.00691649587868426, -3.867665521759711122 ) ) ;
#70 = CARTESIAN_POINT ( 'NONE',  ( 2.141242809395854874, 26.88795934096776108, -5.540685210782865688 ) ) ;
#71 = ORIENTED_EDGE ( 'NONE', *, *, #178, .F. ) ;
#72 = CARTESIAN_POINT ( 'NONE',  ( -1.668597333629661339, 24.99770125281588662, -5.843836058825401025 ) ) ;
#73 = CARTESIAN_POINT ( 'NONE',  ( -3.796809902939873638, 32.55376491766756430, -32.00000000000000000 ) ) ;
#74 = CARTESIAN_POINT ( 'NONE',  ( 3.890423884063179738, 28.02006054030255555, 4.304771067646328220 ) ) ;
#75 = EDGE_CURVE ( 'NONE', #1351, #29, #794, .T. ) ;
#76 = CARTESIAN_POINT ( 'NONE',  ( -4.258680036504600253, 24.24905879556185795, 4.483246131236001908 ) ) ;
#77 = CARTESIAN_POINT ( 'NONE',  ( -5.643478429961297671, 22.02393174657630226, -2.041968312130117091 ) ) ;
#78 = CARTESIAN_POINT ( 'NONE',  ( 4.011562168207491119, 28.09758505568868614, -4.174957273087321674 ) ) ;
#79 = ORIENTED_EDGE ( 'NONE', *, *, #1, .T. ) ;
#80 = B_SPLINE_CURVE_WITH_KNOTS ( 'NONE', 3,
 ( #951, #1396, #384, #1230, #896, #990, #1446, #325, #112, #1332, #1097, #432, #1453, #667, #890, #569, #777, #91, #1012, #1338 ),
 .UNSPECIFIED., .F., .F.,
 ( 4, 2, 2, 2, 2, 2, 2, 2, 2, 4 ),
 ( 0.003915865740931027614, 0.004405247851463075549, 0.004894629961995123485, 0.005139321017261153091, 0.005384012072527184431, 0.005873394183059247112, 0.006362776293591308925, 0.006852158404123371606, 0.007341540514655433419, 0.007830922625187496100 ),
 .UNSPECIFIED. ) ;
#81 = CARTESIAN_POINT ( 'NONE',  ( 5.780946413234786974, 27.15121635375600206, 1.607232956793596346 ) ) ;
#82 = CARTESIAN_POINT ( 'NONE',  ( -2.437293725723601145, 24.77350407550022737, -5.544607818989888415 ) ) ;
#83 = CYLINDRICAL_SURFACE ( 'NONE', #341, 1.250000000000000000 ) ;
#84 = AXIS2_PLACEMENT_3D ( 'NONE', #465, #822, #1045 ) ;
#85 = CARTESIAN_POINT ( 'NONE',  ( 3.441282864172515055, 27.73111193045701128, 4.728376409819373016 ) ) ;
#86 = CARTESIAN_POINT ( 'NONE',  ( -6.187432301354228059, 23.71798831473489599, 1.538518282022789840 ) ) ;
#87 = CARTESIAN_POINT ( 'NONE',  ( -2.392409874268965453, 24.01294642753789788, -5.502834220467071269 ) ) ;
#88 = ORIENTED_EDGE ( 'NONE', *, *, #231, .F. ) ;
#89 = CARTESIAN_POINT ( 'NONE',  ( -2.384067393544757163, 24.78902777096758214, -5.565072392334612594 ) ) ;
#90 = CARTESIAN_POINT ( 'NONE',  ( -3.025876791508303132, 33.97605233661622748, 3.843098242115542185 ) ) ;
#91 = CARTESIAN_POINT ( 'NONE',  ( -5.336454843777612922, 34.93153734852025138, 5.935081304613277098 ) ) ;
#92 = CARTESIAN_POINT ( 'NONE',  ( 1.216859251341597892, 10.67076357761514771, 3.705881608495205981 ) ) ;
#93 = CARTESIAN_POINT ( 'NONE',  ( -2.307713440844771036, 24.06511784786424002, -5.538562399040114492 ) ) ;
#94 = CARTESIAN_POINT ( 'NONE',  ( 0.1648369030144905822, 16.75821830794693668, 5.998272691490257991 ) ) ;
#95 = EDGE_CURVE ( 'NONE', #810, #1328, #1186, .T. ) ;
#96 = ORIENTED_EDGE ( 'NONE', *, *, #452, .F. ) ;
#97 = CLOSED_SHELL ( 'NONE', ( #986, #32, #558, #835, #1190, #573, #253, #1377, #1413, #49, #926, #722, #143, #199, #1199, #1035, #218, #1444, #1352, #366, #1268, #43 ) ) ;
#98 = CARTESIAN_POINT ( 'NONE',  ( 0.3263088734877424013, 12.20943883348629200, 3.887159368654464764 ) ) ;
#99 = CARTESIAN_POINT ( 'NONE',  ( 7.348378634114860942E-16, 12.24999999999999822, 6.000000000000000888 ) ) ;
#100 = DIRECTION ( 'NONE',  ( -0.4119559801919229769, 0.9112037480081565111, 0.000000000000000000 ) ) ;
#101 = CARTESIAN_POINT ( 'NONE',  ( -5.959419164399365698, 21.83288441074414621, -0.8069245653977654698 ) ) ;
#102 = CARTESIAN_POINT ( 'NONE',  ( -2.745647841535382661, 32.78034070677315270, -5.982596506583615081 ) ) ;
#103 = ORIENTED_EDGE ( 'NONE', *, *, #615, .T. ) ;
#104 = CARTESIAN_POINT ( 'NONE',  ( 3.900000000000001243, 27.25390400001877822, 2.284567106744929355 ) ) ;
#105 = CARTESIAN_POINT ( 'NONE',  ( 0.08214305862874056452, 12.24999999999997335, 3.899999999999990585 ) ) ;
#106 = CARTESIAN_POINT ( 'NONE',  ( -2.902240342575957310, 34.93049081709745707, 3.731570407873338269 ) ) ;
#107 = CARTESIAN_POINT ( 'NONE',  ( -6.000000000000000000, 21.80814850918607206, 0.8043862223858062599 ) ) ;
#108 = CARTESIAN_POINT ( 'NONE',  ( -3.796809902939873638, 32.55376491766756430, -3.867665521759707570 ) ) ;
#109 = ORIENTED_EDGE ( 'NONE', *, *, #1237, .T. ) ;
#110 = CARTESIAN_POINT ( 'NONE',  ( -5.369559801919234765, 34.60274820278943508, 5.909554597448050117 ) ) ;
#111 = CARTESIAN_POINT ( 'NONE',  ( -0.9984208379571761771, 11.76943022673151518, 5.917486076512428639 ) ) ;
#112 = CARTESIAN_POINT ( 'NONE',  ( -3.565220695892831415, 35.72610535080194438, 5.935051538402882798 ) ) ;
#113 = EDGE_CURVE ( 'NONE', #574, #493, #1279, .T. ) ;
#114 = DIRECTION ( 'NONE',  ( -0.000000000000000000, -1.000000000000000000, -0.000000000000000000 ) ) ;
#115 = CARTESIAN_POINT ( 'NONE',  ( 4.993785212442570121, 27.70420387538547047, -3.458072030582022283 ) ) ;
#116 = CARTESIAN_POINT ( 'NONE',  ( 0.000000000000000000, 25.49071072270785621, -3.899999999999999911 ) ) ;
#117 = VERTEX_POINT ( 'NONE', #1178 ) ;
#118 = CARTESIAN_POINT ( 'NONE',  ( -11.76738372268692778, 35.53495815280525250, 0.000000000000000000 ) ) ;
#119 = CARTESIAN_POINT ( 'NONE',  ( -2.996289109754459723, 35.15723753898512882, 3.729425676812200940 ) ) ;
#120 = CARTESIAN_POINT ( 'NONE',  ( -3.899999999999996358, 23.72751744539692353, 0.000000000000000000 ) ) ;
#121 = CARTESIAN_POINT ( 'NONE',  ( 1.697218044356111344, 26.22461103299134066, 5.819320843155411538 ) ) ;
#122 = CARTESIAN_POINT ( 'NONE',  ( -2.762161427617845888, 32.93541839273643035, -5.979033081377691516 ) ) ;
#123 = ORIENTED_EDGE ( 'NONE', *, *, #246, .T. ) ;
#124 = CARTESIAN_POINT ( 'NONE',  ( 5.718910560510574115, 27.12886529791128964, -1.815075081998279050 ) ) ;
#125 = DIRECTION ( 'NONE',  ( -0.000000000000000000, -0.000000000000000000, 1.000000000000000000 ) ) ;
#126 = CARTESIAN_POINT ( 'NONE',  ( -1.734723475976807094E-15, 25.49071072270786686, 6.000000000000000888 ) ) ;
#127 = AXIS2_PLACEMENT_3D ( 'NONE', #873, #310, #759 ) ;
#128 = DIRECTION ( 'NONE',  ( 0.000000000000000000, 0.000000000000000000, 1.000000000000000000 ) ) ;
#129 = ORIENTED_EDGE ( 'NONE', *, *, #523, .T. ) ;
#130 = ORIENTED_EDGE ( 'NONE', *, *, #1016, .T. ) ;
#131 = CARTESIAN_POINT ( 'NONE',  ( 5.511243475374945078, 27.05595537635336711, -2.378328801604389753 ) ) ;
#132 = DIRECTION ( 'NONE',  ( 0.000000000000000000, 0.000000000000000000, -1.000000000000000000 ) ) ;
#133 = CARTESIAN_POINT ( 'NONE',  ( 2.810593927567054617, 27.32380546489227413, -5.242718331310045166 ) ) ;
#134 = VERTEX_POINT ( 'NONE', #941 ) ;
#135 = CARTESIAN_POINT ( 'NONE',  ( -0.1643796120310496434, 12.25000000000006217, 3.900000000000018563 ) ) ;
#136 = CARTESIAN_POINT ( 'NONE',  ( -5.211167826316791540, 33.97201734171402876, 5.890102805625240023 ) ) ;
#137 = CARTESIAN_POINT ( 'NONE',  ( 4.993785212445803978, 27.70420387538689866, 3.458072030587028500 ) ) ;
#138 = PRESENTATION_LAYER_ASSIGNMENT (  '', '', ( #804 ) ) ;
#139 = ORIENTED_EDGE ( 'NONE', *, *, #95, .F. ) ;
#140 = B_SPLINE_CURVE_WITH_KNOTS ( 'NONE', 3,
 ( #786, #346, #92, #800, #1231, #539, #1216, #891, #206, #1105, #440, #669 ),
 .UNSPECIFIED., .F., .F.,
 ( 4, 2, 2, 2, 2, 4 ),
 ( 0.003934119293511089376, 0.004425732356910620779, 0.004917345420310151316, 0.005408958483709682720, 0.005654765015409448856, 0.005900571547109215859 ),
 .UNSPECIFIED. ) ;
#141 = DIRECTION ( 'NONE',  ( 0.000000000000000000, 0.000000000000000000, 1.000000000000000000 ) ) ;
#142 = CARTESIAN_POINT ( 'NONE',  ( -5.369559801919228548, 34.60274820278944219, 3.759366374832258550 ) ) ;
#143 = ADVANCED_FACE ( 'NONE', ( #959 ), #845, .T. ) ;
#144 = CARTESIAN_POINT ( 'NONE',  ( -4.283101443125876706, 33.35280168238578113, 5.970966778014084930 ) ) ;
#145 = CARTESIAN_POINT ( 'NONE',  ( 0.7689773575773120040, 18.99887024139567160, 5.951658858145865594 ) ) ;
#146 = B_SPLINE_CURVE_WITH_KNOTS ( 'NONE', 3,
 ( #1379, #350, #576, #488, #819, #476, #1026, #1031, #1367, #1153, #925, #689, #813, #1038, #249, #1258, #699, #593, #1371, #805, #695, #368, #1251, #582, #1147, #587, #30, #1269, #930, #1359, #1043, #261, #1243, #362, #44, #1264, #345, #710, #131, #464, #254, #704, #124, #1158, #1354, #19, #799, #237, #1133, #243, #407, #156, #847, #81, #1197, #185, #836, #639, #955, #1055, #1275, #1281, #726, #962, #519, #1401, #1173, #1062, #1086, #943, #864, #1077, #1182, #494, #855, #163, #268, #1288, #1386, #376, #719, #617, #65, #58, #503, #275, #1166, #1296, #609, #291, #389, #1418, #51, #949, #177, #741 ),
 .UNSPECIFIED., .F., .F.,
 ( 4, 2, 2, 2, 1, 1, 1, 2, 2, 2, 2, 1, 1, 1, 2, 2, 2, 2, 2, 2, 2, 2, 2, 1, 1, 2, 2, 2, 2, 2, 1, 1, 2, 2, 2, 2, 1, 2, 2, 2, 2, 2, 1, 1, 1, 2, 2, 2, 2, 1, 1, 1, 1, 2, 2, 2, 4 ),
 ( 0.000000000000000000, 0.03124999999999354683, 0.04687499999999032718, 0.05468749999998871736, 0.05859374999998798877, 0.06054687499998770428, 0.06152343749998755856, 0.06201171874998753775, 0.06249999999998750999, 0.09374999999998670508, 0.1093749999999862471, 0.1171874999999860528, 0.1210937499999859279, 0.1230468749999858447, 0.1240234374999858724, 0.1249999999999858724, 0.1874999999999876210, 0.2187499999999884814, 0.2343749999999889533, 0.2421874999999891476, 0.2499999999999893419, 0.3124999999999909517, 0.3437499999999917288, 0.3593749999999921174, 0.3671874999999923395, 0.3710937499999924505, 0.3749999999999925060, 0.4999999999999961142, 0.5624999999999978906, 0.5937499999999988898, 0.6093749999999994449, 0.6171874999999996669, 0.6210937499999998890, 0.6250000000000000000, 0.6875000000000021094, 0.7187500000000031086, 0.7343750000000036637, 0.7421875000000039968, 0.7500000000000042188, 0.8125000000000061062, 0.8437500000000071054, 0.8593750000000075495, 0.8671875000000077716, 0.8710937500000078826, 0.8730468750000079936, 0.8740234375000079936, 0.8750000000000079936, 0.9062500000000102141, 0.9218750000000113243, 0.9296875000000118794, 0.9335937500000121014, 0.9355468750000121014, 0.9365234375000121014, 0.9370117187500121014, 0.9375000000000121014, 0.9687500000000061062, 1.000000000000000000 ),
 .UNSPECIFIED. ) ;
#147 = ORIENTED_EDGE ( 'NONE', *, *, #309, .F. ) ;
#148 = CARTESIAN_POINT ( 'NONE',  ( 0.000000000000000000, 5.999999999999998224, 0.000000000000000000 ) ) ;
#149 = CARTESIAN_POINT ( 'NONE',  ( -6.000000000000003553, 22.77810568069241270, -0.7725261461657195738 ) ) ;
#150 = CARTESIAN_POINT ( 'NONE',  ( -3.489396559707965029, 33.51077539211172507, 6.000796875265902663 ) ) ;
#151 = EDGE_CURVE ( 'NONE', #1328, #1227, #1108, .T. ) ;
#152 = DIRECTION ( 'NONE',  ( 0.000000000000000000, 0.000000000000000000, -1.000000000000000000 ) ) ;
#153 =( BOUNDED_SURFACE ( )  B_SPLINE_SURFACE ( 3, 1, ( 
 ( #624, #971 ),
 ( #1189, #734 ),
 ( #170, #749 ),
 ( #1069, #1408 ) ),
 .UNSPECIFIED., .F., .F., .F. ) 
 B_SPLINE_SURFACE_WITH_KNOTS ( ( 4, 4 ),
 ( 2, 2 ),
 ( 0.000000000000000000, 1.000000000000000000 ),
 ( 0.000000000000000000, 1.000000000000000000 ),
 .UNSPECIFIED. ) 
 GEOMETRIC_REPRESENTATION_ITEM ( )  RATIONAL_B_SPLINE_SURFACE ( (
 ( 1.000000000000000000, 1.000000000000000000),
 ( 0.3333333333333333703, 0.3333333333333333703),
 ( 0.3333333333333333703, 0.3333333333333333703),
 ( 1.000000000000000000, 1.000000000000000000) ) ) 
 REPRESENTATION_ITEM ( '' )  SURFACE ( )  );
#154 = FACE_OUTER_BOUND ( 'NONE', #638, .T. ) ;
#155 = ORIENTED_EDGE ( 'NONE', *, *, #1120, .F. ) ;
#156 = CARTESIAN_POINT ( 'NONE',  ( 5.842206501926063389, 27.17357193579602281, 1.369029474075116992 ) ) ;
#157 = CARTESIAN_POINT ( 'NONE',  ( -5.999999999999999112, 21.80814006985500697, 0.8181995474876735397 ) ) ;
#158 = CARTESIAN_POINT ( 'NONE',  ( -0.9984208379571763992, 18.76943022673151873, 5.917486076512428639 ) ) ;
#159 = CARTESIAN_POINT ( 'NONE',  ( -3.269662853806092340, 24.53156869720141131, -5.167177969388249359 ) ) ;
#160 = CARTESIAN_POINT ( 'NONE',  ( -3.431083500065301717, 32.23269081438620987, -5.991998641684872950 ) ) ;
#161 = AXIS2_PLACEMENT_3D ( 'NONE', #1415, #507, #840 ) ;
#162 = VERTEX_POINT ( 'NONE', #738 ) ;
#163 = CARTESIAN_POINT ( 'NONE',  ( 2.797479804691036076, 26.24268688777938152, 5.307967143450733616 ) ) ;
#164 = CARTESIAN_POINT ( 'NONE',  ( -5.264677135513409212, 23.11551169025750596, 2.984421870558932710 ) ) ;
#165 = CARTESIAN_POINT ( 'NONE',  ( -3.900000000000000799, 23.72751744539693064, -2.284567106744929799 ) ) ;
#166 = CARTESIAN_POINT ( 'NONE',  ( -0.9985639593326466334, 17.23070172656181498, 5.917465611276684356 ) ) ;
#167 = DIRECTION ( 'NONE',  ( -0.000000000000000000, 1.000000000000000000, 0.000000000000000000 ) ) ;
#168 = CARTESIAN_POINT ( 'NONE',  ( 0.3252829337516154329, 16.79029590877622979, 5.991714070204209541 ) ) ;
#169 = EDGE_LOOP ( 'NONE', ( #274, #381, #1116, #64, #702, #147, #616, #961, #929, #1241, #88 ) ) ;
#170 = CARTESIAN_POINT ( 'NONE',  ( -1.867383722686929204, 40.01075647213298936, 7.800000000000000711 ) ) ;
#171 = CARTESIAN_POINT ( 'NONE',  ( -5.850809637107079020, 22.84700075292233379, 1.543688999707475196 ) ) ;
#172 = CARTESIAN_POINT ( 'NONE',  ( 3.933580001648345537, 28.04770890496094182, 4.259424980867136945 ) ) ;
#173 = CARTESIAN_POINT ( 'NONE',  ( -2.535812581647705066, 24.74478048589863732, 5.505530856990426436 ) ) ;
#174 = DIRECTION ( 'NONE',  ( -0.4119559801919229769, 0.9112037480081565111, 0.000000000000000000 ) ) ;
#175 = CARTESIAN_POINT ( 'NONE',  ( 2.583713829883895752, 27.17568464677458806, -5.319289237281455307 ) ) ;
#176 = ORIENTED_EDGE ( 'NONE', *, *, #442, .F. ) ;
#177 = CARTESIAN_POINT ( 'NONE',  ( 0.3237360273363357188, 25.57655965723105140, 6.000000000000004441 ) ) ;
#178 = EDGE_CURVE ( 'NONE', #894, #134, #1383, .T. ) ;
#179 = CARTESIAN_POINT ( 'NONE',  ( -5.266221661282438404, 38.47413898392761666, -5.979033081377691516 ) ) ;
#180 = DIRECTION ( 'NONE',  ( -0.000000000000000000, 1.000000000000000000, 0.000000000000000000 ) ) ;
#181 = CARTESIAN_POINT ( 'NONE',  ( -0.1636112754373276190, 16.74999999999982236, 6.000000000000039080 ) ) ;
#182 = CARTESIAN_POINT ( 'NONE',  ( -5.785468435457411296, 21.93807528732853029, -1.603220591231575565 ) ) ;
#183 = CARTESIAN_POINT ( 'NONE',  ( -5.369559801919234765, 34.60274820278943508, 6.022500000000000853 ) ) ;
#184 = ORIENTED_EDGE ( 'NONE', *, *, #487, .T. ) ;
#185 = CARTESIAN_POINT ( 'NONE',  ( 5.754497605989935316, 27.14165759304545844, 1.698858930258355882 ) ) ;
#186 = VECTOR ( 'NONE', #1271, 1000.000000000000000 ) ;
#187 = CARTESIAN_POINT ( 'NONE',  ( 0.3263088734877436781, 19.20943883348629200, 3.887159368654463432 ) ) ;
#188 = CARTESIAN_POINT ( 'NONE',  ( -3.796809902939873638, 32.55376491766756430, -5.979033081377690628 ) ) ;
#189 = CARTESIAN_POINT ( 'NONE',  ( 3.641455225331768020, 27.86011042648601688, 4.549503767614080374 ) ) ;
#190 = EDGE_CURVE ( 'NONE', #1011, #1172, #591, .T. ) ;
#191 = CARTESIAN_POINT ( 'NONE',  ( -2.794485780130899322, 33.00691649587868426, -32.00000000000000000 ) ) ;
#192 = CARTESIAN_POINT ( 'NONE',  ( -3.136319497304643100, 23.55561984282523724, -5.118674139416348190 ) ) ;
#193 = CARTESIAN_POINT ( 'NONE',  ( -3.655185406891387156, 32.34563160594326092, -3.873247252540561458 ) ) ;
#194 = ORIENTED_EDGE ( 'NONE', *, *, #502, .T. ) ;
#195 = CARTESIAN_POINT ( 'NONE',  ( 1.249999999999999778, 18.16383868360517795, 3.694252292413173322 ) ) ;
#196 = LINE ( 'NONE', #812, #715 ) ;
#197 = PRODUCT_DEFINITION_FORMATION_WITH_SPECIFIED_SOURCE ( 'ANY', '', #601, .NOT_KNOWN. ) ;
#198 = CARTESIAN_POINT ( 'NONE',  ( -5.120031209757366142, 35.36965573300940235, 3.864566422913601418 ) ) ;
#199 = ADVANCED_FACE ( 'NONE', ( #458 ), #1298, .T. ) ;
#200 = CARTESIAN_POINT ( 'NONE',  ( -5.913285432431429456, 23.79151943764550481, 2.285687278972720282 ) ) ;
#201 = CARTESIAN_POINT ( 'NONE',  ( -2.615608097452895020, 23.87527106057053672, 5.416463210649769877 ) ) ;
#202 = CARTESIAN_POINT ( 'NONE',  ( 2.216412004609453756, 26.93689375266318820, -5.506537098093354565 ) ) ;
#203 = ORIENTED_EDGE ( 'NONE', *, *, #479, .T. ) ;
#204 = CARTESIAN_POINT ( 'NONE',  ( 8.654371079058549784E-13, 9.749999999992228439, 6.000000000001619149 ) ) ;
#205 = CARTESIAN_POINT ( 'NONE',  ( 0.3277262571446424300, 12.21742085387662335, 5.992978025472945447 ) ) ;
#206 = CARTESIAN_POINT ( 'NONE',  ( 0.3260120586329396386, 9.790493984261654958, 3.887180439034428225 ) ) ;
#207 = CARTESIAN_POINT ( 'NONE',  ( -4.457357092966740097, 22.74538549514606345, 4.037792005909180304 ) ) ;
#208 = CARTESIAN_POINT ( 'NONE',  ( 0.7681269175713231201, 10.00028096479518958, 5.951785396555846042 ) ) ;
#209 = VERTEX_POINT ( 'NONE', #466 ) ;
#210 = LINE ( 'NONE', #316, #729 ) ;
#211 = CARTESIAN_POINT ( 'NONE',  ( 0.000000000000000000, 5.999999999999998224, -3.899999999999999911 ) ) ;
#212 = VECTOR ( 'NONE', #100, 1000.000000000000000 ) ;
#213 = CARTESIAN_POINT ( 'NONE',  ( 2.448819118565689535E-13, 19.25000000000239808, 3.900000000000768186 ) ) ;
#214 = DIRECTION ( 'NONE',  ( -0.000000000000000000, -1.000000000000000000, -0.000000000000000000 ) ) ;
#215 = CARTESIAN_POINT ( 'NONE',  ( -4.223456809199777950, 22.88848183902836197, -4.261875393746880292 ) ) ;
#216 = SURFACE_STYLE_USAGE ( .BOTH. , #1123 ) ;
#217 = ORIENTED_EDGE ( 'NONE', *, *, #862, .T. ) ;
#218 = ADVANCED_FACE ( 'NONE', ( #1305 ), #1052, .F. ) ;
#219 = CARTESIAN_POINT ( 'NONE',  ( 0.2326162773130735495, 40.96016823683886798, 12.00000000000000178 ) ) ;
#220 = B_SPLINE_CURVE_WITH_KNOTS ( 'NONE', 3,
 ( #270, #20, #1134, #136, #583, #589, #1032, #1040, #144, #31, #478, #1368, #945, #150, #931, #363, #26, #595, #472, #814 ),
 .UNSPECIFIED., .F., .F.,
 ( 4, 2, 2, 2, 2, 2, 2, 2, 2, 4 ),
 ( 0.000000000000000000, 0.0004894832176163778012, 0.0009789664352327556024, 0.001468449652849133404, 0.001957932870465511205, 0.002202674479273700105, 0.002447416088081889873, 0.002936899305698269409, 0.003426382523314648078, 0.003915865740931027614 ),
 .UNSPECIFIED. ) ;
#221 = FACE_OUTER_BOUND ( 'NONE', #1140, .T. ) ;
#222 = CARTESIAN_POINT ( 'NONE',  ( -3.792460551563519910, 35.85273846225901195, 3.838754193866441344 ) ) ;
#223 = APPLICATION_CONTEXT ( 'automotive_design' ) ;
#224 = CARTESIAN_POINT ( 'NONE',  ( 1.250000000000000444, 18.00000000000000000, 3.694252292413175098 ) ) ;
#225 = CARTESIAN_POINT ( 'NONE',  ( 6.000000000000000888, 27.23335015389135094, 0.5557884456962641773 ) ) ;
#226 = CARTESIAN_POINT ( 'NONE',  ( 1.000242163602897527, 10.23255441561016710, 5.917202378008045827 ) ) ;
#227 = EDGE_LOOP ( 'NONE', ( #1433, #349, #501 ) ) ;
#228 = DIRECTION ( 'NONE',  ( 1.000000000000000000, 0.000000000000000000, 0.000000000000000000 ) ) ;
#229 = CARTESIAN_POINT ( 'NONE',  ( 7.348378634114860942E-16, 12.24999999999999822, 6.000000000000000888 ) ) ;
#230 = CARTESIAN_POINT ( 'NONE',  ( 1.250000000000000000, 11.16341591620295759, 5.868347297152749498 ) ) ;
#231 = EDGE_CURVE ( 'NONE', #725, #1266, #1454, .T. ) ;
#232 = CARTESIAN_POINT ( 'NONE',  ( 3.900000000000001688, 27.25390400001877467, -7.799999999999998046 ) ) ;
#233 = CARTESIAN_POINT ( 'NONE',  ( 4.255152886733069018, 26.65571191521221195, -4.306958711766903924 ) ) ;
#234 = CARTESIAN_POINT ( 'NONE',  ( -1.217198997790616355, 10.67171568649557223, 5.875587628456814038 ) ) ;
#235 = ORIENTED_EDGE ( 'NONE', *, *, #978, .F. ) ;
#236 = CARTESIAN_POINT ( 'NONE',  ( -1.091562847667683522, 11.63046353632478791, 5.900216131803828645 ) ) ;
#237 = CARTESIAN_POINT ( 'NONE',  ( 6.000000000000000888, 27.23335121140250692, 0.2806767522936196024 ) ) ;
#238 = CARTESIAN_POINT ( 'NONE',  ( -6.268545784091415385, 38.02098740571650382, -5.979033081377691516 ) ) ;
#239 = CARTESIAN_POINT ( 'NONE',  ( 1.697218044360663702, 26.22461103298447327, -5.819320843153456657 ) ) ;
#240 = PRESENTATION_STYLE_ASSIGNMENT (( #216 ) ) ;
#241 = EDGE_LOOP ( 'NONE', ( #1029, #917 ) ) ;
#242 = B_SPLINE_CURVE_WITH_KNOTS ( 'NONE', 3,
 ( #1096, #105, #438, #98, #767, #649, #417, #1331, #866, #666, #776, #1420, #1306, #656 ),
 .UNSPECIFIED., .F., .F.,
 ( 4, 2, 2, 2, 2, 2, 4 ),
 ( 0.001967619211634091207, 0.002213431721868715056, 0.002459244232103338906, 0.002950869252572586171, 0.003196681762807212189, 0.003442494273041838207, 0.003934119293511089376 ),
 .UNSPECIFIED. ) ;
#243 = CARTESIAN_POINT ( 'NONE',  ( 5.917316624612586118, 27.20146945983463382, 1.003439705336706345 ) ) ;
#244 = LINE ( 'NONE', #707, #636 ) ;
#245 = CARTESIAN_POINT ( 'NONE',  ( -1.985651183045912038, 24.26366335686832443, -5.667625146778755507 ) ) ;
#246 = EDGE_CURVE ( 'NONE', #1263, #600, #1000, .T. ) ;
#247 = ORIENTED_EDGE ( 'NONE', *, *, #942, .T. ) ;
#248 =( NAMED_UNIT ( * ) SI_UNIT ( $, .STERADIAN. ) SOLID_ANGLE_UNIT ( ) );
#249 = CARTESIAN_POINT ( 'NONE',  ( 1.684291174301263849, 25.93932681766972337, -5.764747448326832391 ) ) ;
#250 = CARTESIAN_POINT ( 'NONE',  ( 1.066121234726256422E-14, 16.74999999999986500, 3.900000000000042544 ) ) ;
#251 = CARTESIAN_POINT ( 'NONE',  ( -7.798582073665970955E-15, 25.49071072270786686, -6.000000000000000888 ) ) ;
#252 = EDGE_LOOP ( 'NONE', ( #336, #12, #259, #654 ) ) ;
#253 = ADVANCED_FACE ( 'NONE', ( #257 ), #1047, .F. ) ;
#254 = CARTESIAN_POINT ( 'NONE',  ( 5.652639075829640980, 27.10525173561968515, -2.015010286016921448 ) ) ;
#255 = CARTESIAN_POINT ( 'NONE',  ( -6.000000000000003553, 22.77810568068968067, 0.7725261461657411122 ) ) ;
#256 = CARTESIAN_POINT ( 'NONE',  ( -1.250000000000000000, 11.00000000000000000, 5.868347297152752162 ) ) ;
#257 = FACE_OUTER_BOUND ( 'NONE', #580, .T. ) ;
#258 = CARTESIAN_POINT ( 'NONE',  ( 6.034604302336131987, 28.12677464989199905, -12.00000000000000888 ) ) ;
#259 = ORIENTED_EDGE ( 'NONE', *, *, #1244, .T. ) ;
#260 = EDGE_CURVE ( 'NONE', #1267, #854, #640, .T. ) ;
#261 = CARTESIAN_POINT ( 'NONE',  ( 4.597500928062705050, 26.76214999577364395, -3.855574803079973911 ) ) ;
#262 = CARTESIAN_POINT ( 'NONE',  ( -3.723381099805733285, 23.81558344365421576, -4.772535343764162441 ) ) ;
#263 = CARTESIAN_POINT ( 'NONE',  ( -1.867383722686928316, 40.01075647213298936, 4.776122516674677286E-16 ) ) ;
#264 = CARTESIAN_POINT ( 'NONE',  ( -2.085896827582633950, 24.87605145272116758, -5.670511983788310673 ) ) ;
#265 = CARTESIAN_POINT ( 'NONE',  ( -3.057048729102413986, 32.26913558427034445, -6.001039056547312178 ) ) ;
#266 = AXIS2_PLACEMENT_3D ( 'NONE', #673, #567, #575 ) ;
#267 = ORIENTED_EDGE ( 'NONE', *, *, #899, .F. ) ;
#268 = CARTESIAN_POINT ( 'NONE',  ( 2.777160621602769552, 26.23707035510163266, 5.318593554842047766 ) ) ;
#269 = CARTESIAN_POINT ( 'NONE',  ( -6.000000000000002665, 21.80814006986045328, -0.8181995474876501140 ) ) ;
#270 = CARTESIAN_POINT ( 'NONE',  ( -5.369559801919234765, 34.60274820278943508, 5.909554597448050117 ) ) ;
#271 = CARTESIAN_POINT ( 'NONE',  ( 0.9934469491358842719, 18.76299594538624760, 3.771639195363005292 ) ) ;
#272 = CARTESIAN_POINT ( 'NONE',  ( -11.76738372268692956, 35.53495815280525250, -12.00000000000001421 ) ) ;
#273 = CARTESIAN_POINT ( 'NONE',  ( -6.903832097224815365E-15, 25.49071072270786686, 6.000000000000000888 ) ) ;
#274 = ORIENTED_EDGE ( 'NONE', *, *, #783, .F. ) ;
#275 = CARTESIAN_POINT ( 'NONE',  ( 1.539704232590437538, 25.90061981819024339, 5.799237640940272165 ) ) ;
#276 = CARTESIAN_POINT ( 'NONE',  ( -1.591752605410988952, 24.77590061162375079, 5.839406506293865817 ) ) ;
#277 = CARTESIAN_POINT ( 'NONE',  ( 3.299100430779100090, 27.63926695956467938, 4.844205389158430464 ) ) ;
#278 = CARTESIAN_POINT ( 'NONE',  ( -5.918993150271668391, 23.78998303007782411, 2.272749548654243945 ) ) ;
#279 = CARTESIAN_POINT ( 'NONE',  ( -1.667538526709003266, 24.46136308305258211, 5.765798631722947931 ) ) ;
#280 = VECTOR ( 'NONE', #975, 1000.000000000000000 ) ;
#281 = CARTESIAN_POINT ( 'NONE',  ( -3.057054955540513319, 32.26912900766114944, -3.901599405024890999 ) ) ;
#282 = VERTEX_POINT ( 'NONE', #1382 ) ;
#283 = FACE_BOUND ( 'NONE', #585, .T. ) ;
#284 = CARTESIAN_POINT ( 'NONE',  ( -5.336901880960566835, 34.27470669790938729, 3.731530472549236421 ) ) ;
#285 = PLANE ( 'NONE',  #500 ) ;
#286 = CARTESIAN_POINT ( 'NONE',  ( -0.7684693541442929599, 17.00079798532322783, 5.951721103450771544 ) ) ;
#287 = CARTESIAN_POINT ( 'NONE',  ( -9.667383722686926362, 36.48436991751113112, 0.000000000000000000 ) ) ;
#288 = CARTESIAN_POINT ( 'NONE',  ( 4.423214177127839264, 28.35895973832889538, -3.671712894625236423 ) ) ;
#289 = ORIENTED_EDGE ( 'NONE', *, *, #1179, .F. ) ;
#290 = VECTOR ( 'NONE', #1314, 1000.000000000000000 ) ;
#291 = CARTESIAN_POINT ( 'NONE',  ( 1.436872258030723382, 25.87305874705128517, 5.825411140003664556 ) ) ;
#292 = CARTESIAN_POINT ( 'NONE',  ( -1.991750198611160982, 39.95453028385799144, -5.704567152538178476 ) ) ;
#293 = CARTESIAN_POINT ( 'NONE',  ( -1.090993088338154005, 10.36837098524353706, 3.744871894138489754 ) ) ;
#294 = CARTESIAN_POINT ( 'NONE',  ( 8.654371120417580411E-13, 16.74999999999222666, 6.000000000001619149 ) ) ;
#295 = EDGE_CURVE ( 'NONE', #1172, #781, #1329, .T. ) ;
#296 = CARTESIAN_POINT ( 'NONE',  ( -2.745647841535382661, 32.78034070677315270, -5.982596506583615081 ) ) ;
#297 = CARTESIAN_POINT ( 'NONE',  ( -2.869559801919232545, 34.60274820278942798, 3.759366374832249225 ) ) ;
#298 = EDGE_LOOP ( 'NONE', ( #954, #155, #330, #1212, #139, #764, #818, #462 ) ) ;
#299 = CARTESIAN_POINT ( 'NONE',  ( -3.922360168139833458, 24.34366034047571148, -4.798001052056624083 ) ) ;
#300 = CARTESIAN_POINT ( 'NONE',  ( -4.400993212943903998, 24.20905727475562585, -4.347792518522180849 ) ) ;
#301 = EDGE_CURVE ( 'NONE', #834, #803, #510, .T. ) ;
#302 = FACE_OUTER_BOUND ( 'NONE', #557, .T. ) ;
#303 = CARTESIAN_POINT ( 'NONE',  ( 2.845828334714275876, 27.34595803106169853, 5.176387959203418099 ) ) ;
#304 = CARTESIAN_POINT ( 'NONE',  ( -5.978979439765049975, 23.77384594903233506, 2.132167497204810136 ) ) ;
#305 = CARTESIAN_POINT ( 'NONE',  ( -5.441371266389575467, 22.14645492502818769, 2.528931057531882853 ) ) ;
#306 = CARTESIAN_POINT ( 'NONE',  ( 2.296467318007723968, 26.98898705171384904, -5.468847128178080830 ) ) ;
#307 = ORIENTED_EDGE ( 'NONE', *, *, #1, .F. ) ;
#308 = CARTESIAN_POINT ( 'NONE',  ( -4.119559801919233877, 34.60274820278943508, 6.022500000000000853 ) ) ;
#309 = EDGE_CURVE ( 'NONE', #1019, #162, #210, .T. ) ;
#310 = DIRECTION ( 'NONE',  ( -0.000000000000000000, -1.000000000000000000, -0.000000000000000000 ) ) ;
#311 = CARTESIAN_POINT ( 'NONE',  ( -1.250000000000000444, 18.00000000000000000, 3.694252292413175098 ) ) ;
#312 = DIRECTION ( 'NONE',  ( -0.000000000000000000, -0.000000000000000000, 1.000000000000000000 ) ) ;
#313 = CARTESIAN_POINT ( 'NONE',  ( -5.470966698690042485, 22.12848480354123026, 2.463553134556843993 ) ) ;
#314 = CARTESIAN_POINT ( 'NONE',  ( 0.9124912699013242312, 26.08592167370593629, -5.932261745819287668 ) ) ;
#315 = VERTEX_POINT ( 'NONE', #545 ) ;
#316 = CARTESIAN_POINT ( 'NONE',  ( 4.776122516674677286E-16, 28.20331576472465684, 3.899999999999999911 ) ) ;
#317 = DIRECTION ( 'NONE',  ( -0.4119559801919231989, 0.9112037480081564000, 0.000000000000000000 ) ) ;
#318 = CARTESIAN_POINT ( 'NONE',  ( -4.523076098950634005, 35.78865517596885581, 3.899157760872280942 ) ) ;
#319 = LINE ( 'NONE', #792, #1384 ) ;
#320 = CARTESIAN_POINT ( 'NONE',  ( -5.836670860751639545, 21.90713642189217580, -1.405248828879044343 ) ) ;
#321 = CARTESIAN_POINT ( 'NONE',  ( 0.08176484973766254272, 9.750000000000087041, 5.999999999999984901 ) ) ;
#322 = VERTEX_POINT ( 'NONE', #1235 ) ;
#323 = CARTESIAN_POINT ( 'NONE',  ( 0.2326162773130741324, 40.96016823683886798, 7.347880794884120722E-16 ) ) ;
#324 = CARTESIAN_POINT ( 'NONE',  ( 0.2326162773130754091, 40.96016823683886798, -3.285954185003541639 ) ) ;
#325 = CARTESIAN_POINT ( 'NONE',  ( -3.493507408066363062, 35.68773610290801912, 5.928077227174939345 ) ) ;
#326 = APPLICATION_CONTEXT ( 'automotive_design' ) ;
#327 = DIRECTION ( 'NONE',  ( 0.4119559801919229769, -0.9112037480081565111, -0.000000000000000000 ) ) ;
#328 = CARTESIAN_POINT ( 'NONE',  ( -4.710868463923033822, 22.59108467132266185, -3.721419870124696772 ) ) ;
#329 = DIRECTION ( 'NONE',  ( -1.000000000000000000, 0.000000000000000000, 0.000000000000000000 ) ) ;
#330 = ORIENTED_EDGE ( 'NONE', *, *, #751, .F. ) ;
#331 = CARTESIAN_POINT ( 'NONE',  ( 8.654371120417580411E-13, 16.74999999999222666, 6.000000000001619149 ) ) ;
#332 = VECTOR ( 'NONE', #833, 1000.000000000000000 ) ;
#333 = CARTESIAN_POINT ( 'NONE',  ( -3.127177194574387364, 35.36721557255956583, 3.738449017758601389 ) ) ;
#334 = CARTESIAN_POINT ( 'NONE',  ( -1.867383722686926983, 40.01075647213298936, 4.776122516674677286E-16 ) ) ;
#335 = CARTESIAN_POINT ( 'NONE',  ( -5.549450494320990579, 22.08087984188967567, -2.281285136172718886 ) ) ;
#336 = ORIENTED_EDGE ( 'NONE', *, *, #615, .F. ) ;
#337 = EDGE_CURVE ( 'NONE', #1263, #1266, #1330, .T. ) ;
#338 = CARTESIAN_POINT ( 'NONE',  ( 2.284567106744930687, 26.52356543147153189, 3.899999999999999911 ) ) ;
#339 = CARTESIAN_POINT ( 'NONE',  ( -0.3281835288160301345, 12.21716316083475107, 5.992930137654688849 ) ) ;
#340 = CARTESIAN_POINT ( 'NONE',  ( -4.282347451157281881, 35.84480884948415280, 3.886605029107288889 ) ) ;
#341 = AXIS2_PLACEMENT_3D ( 'NONE', #989, #1078, #973 ) ;
#342 = DIRECTION ( 'NONE',  ( 0.000000000000000000, 0.000000000000000000, -1.000000000000000000 ) ) ;
#343 = CARTESIAN_POINT ( 'NONE',  ( 6.000000000000000888, 27.23335015389135094, -0.5557884456962569608 ) ) ;
#344 = ORIENTED_EDGE ( 'NONE', *, *, #1039, .F. ) ;
#345 = CARTESIAN_POINT ( 'NONE',  ( 5.192610933966011366, 26.94896443066538438, -3.028059657212144096 ) ) ;
#346 = CARTESIAN_POINT ( 'NONE',  ( 1.250000000000000222, 10.83616530120128196, 3.694252292413174654 ) ) ;
#347 = CARTESIAN_POINT ( 'NONE',  ( -3.469446951953614189E-15, 25.49071072270786686, -6.000000000000000888 ) ) ;
#348 = CARTESIAN_POINT ( 'NONE',  ( 0.000000000000000000, 5.999999999999998224, 0.000000000000000000 ) ) ;
#349 = ORIENTED_EDGE ( 'NONE', *, *, #190, .F. ) ;
#350 = CARTESIAN_POINT ( 'NONE',  ( 0.3236904886867092435, 25.57654758119863203, -6.000000000000000888 ) ) ;
#351 = EDGE_CURVE ( 'NONE', #979, #360, #395, .T. ) ;
#352 = MECHANICAL_DESIGN_GEOMETRIC_PRESENTATION_REPRESENTATION (  '', ( #804 ), #1364 ) ;
#353 = CARTESIAN_POINT ( 'NONE',  ( 1.066121172687710480E-14, 9.749999999999864997, 3.900000000000042544 ) ) ;
#354 = CARTESIAN_POINT ( 'NONE',  ( -5.266221661282438404, 38.47413898392761666, -3.867665521759708902 ) ) ;
#355 = VERTEX_POINT ( 'NONE', #110 ) ;
#356 = ORIENTED_EDGE ( 'NONE', *, *, #1244, .F. ) ;
#357 = CARTESIAN_POINT ( 'NONE',  ( -1.250000000000000222, 11.16642226820267325, 3.694252292413175542 ) ) ;
#358 = LINE ( 'NONE', #263, #588 ) ;
#359 = CARTESIAN_POINT ( 'NONE',  ( 5.887741491562702656, 28.14410724384722329, 1.394704856662894787 ) ) ;
#360 = VERTEX_POINT ( 'NONE', #323 ) ;
#361 = ORIENTED_EDGE ( 'NONE', *, *, #1046, .F. ) ;
#362 = CARTESIAN_POINT ( 'NONE',  ( 4.690621475366418380, 26.79076297925819006, -3.741718920528496639 ) ) ;
#363 = CARTESIAN_POINT ( 'NONE',  ( -3.118421527051657094, 33.83632796526631381, 5.976988530175578518 ) ) ;
#364 = CARTESIAN_POINT ( 'NONE',  ( 5.929917896300964664, 27.20480335839553732, 1.118634349719820120 ) ) ;
#365 = EDGE_LOOP ( 'NONE', ( #878, #709, #367, #733, #1094, #1054 ) ) ;
#366 = ADVANCED_FACE ( 'NONE', ( #775 ), #1221, .F. ) ;
#367 = ORIENTED_EDGE ( 'NONE', *, *, #1425, .T. ) ;
#368 = CARTESIAN_POINT ( 'NONE',  ( 2.709239488872758450, 26.21831514657054640, -5.353533661310419411 ) ) ;
#369 = CARTESIAN_POINT ( 'NONE',  ( -5.109179438011690166, 24.00982461455690142, 3.687280322182008518 ) ) ;
#370 = FACE_OUTER_BOUND ( 'NONE', #740, .T. ) ;
#371 = CARTESIAN_POINT ( 'NONE',  ( 1.083848045621083722, 18.62799129566149858, 3.746661510565005848 ) ) ;
#372 = VECTOR ( 'NONE', #132, 1000.000000000000000 ) ;
#373 = FACE_OUTER_BOUND ( 'NONE', #429, .T. ) ;
#374 = VERTEX_POINT ( 'NONE', #331 ) ;
#375 = EDGE_CURVE ( 'NONE', #803, #209, #1151, .T. ) ;
#376 = CARTESIAN_POINT ( 'NONE',  ( 2.564863937306624653, 26.17843692940910216, 5.428153852055543460 ) ) ;
#377 = CARTESIAN_POINT ( 'NONE',  ( -1.668597333630190693, 24.99770125281730060, 5.843836058825439217 ) ) ;
#378 = CARTESIAN_POINT ( 'NONE',  ( 0.6323341822823601577, 16.90921937806163555, 3.851448023503408979 ) ) ;
#379 = CARTESIAN_POINT ( 'NONE',  ( 0.3277262571446417083, 19.21742085387662868, 5.992978025472945447 ) ) ;
#380 = CARTESIAN_POINT ( 'NONE',  ( 0.000000000000000000, 11.00000000000000000, 6.022500000000000853 ) ) ;
#381 = ORIENTED_EDGE ( 'NONE', *, *, #301, .F. ) ;
#382 = FACE_OUTER_BOUND ( 'NONE', #227, .T. ) ;
#383 = CARTESIAN_POINT ( 'NONE',  ( -5.369559801919229436, 34.43770064858050262, 3.742262214557508848 ) ) ;
#384 = CARTESIAN_POINT ( 'NONE',  ( -2.902288580509820193, 34.93039068884161225, 5.891926094433202366 ) ) ;
#385 = LINE ( 'NONE', #1316, #1289 ) ;
#386 = CARTESIAN_POINT ( 'NONE',  ( -1.250000000000000000, 11.00000000000000000, 6.022500000000000853 ) ) ;
#387 = B_SPLINE_CURVE_WITH_KNOTS ( 'NONE', 3,
 ( #1113, #425, #106, #119, #553, #333, #785, #791, #222, #650, #340, #1007, #318, #6, #447, #198, #674, #14, #1119, #1208 ),
 .UNSPECIFIED., .F., .F.,
 ( 4, 2, 2, 2, 2, 2, 2, 2, 2, 4 ),
 ( 0.003927024681980298068, 0.004417835159944283677, 0.004663240398926276481, 0.004908645637908268418, 0.005890266593836210145, 0.006135671832818196877, 0.006381077071800182743, 0.006871887549764154474, 0.007362698027728126204, 0.007853508505692097935 ),
 .UNSPECIFIED. ) ;
#388 = ORIENTED_EDGE ( 'NONE', *, *, #643, .F. ) ;
#389 = CARTESIAN_POINT ( 'NONE',  ( 1.431278621602450674, 25.87156048530488306, 5.826787068290160576 ) ) ;
#390 = CARTESIAN_POINT ( 'NONE',  ( -0.7562444378373576193, 25.02302179730213894, 6.000000000000000888 ) ) ;
#391 = CARTESIAN_POINT ( 'NONE',  ( -0.3281835288160304120, 19.21716316083475107, 5.992930137654688849 ) ) ;
#392 = CARTESIAN_POINT ( 'NONE',  ( -0.5595491103885894546, 25.32534338678644303, 6.000000000000003553 ) ) ;
#393 = CARTESIAN_POINT ( 'NONE',  ( -2.745647841535386213, 32.78034070677315981, -3.873171950815823994 ) ) ;
#394 = VECTOR ( 'NONE', #327, 1000.000000000000000 ) ;
#395 =( BOUNDED_CURVE ( )  B_SPLINE_CURVE ( 3, ( #118, #1213, #219, #1443 ),
 .UNSPECIFIED., .F., .T. ) 
 B_SPLINE_CURVE_WITH_KNOTS ( ( 4, 4 ),
 ( 0.000000000000000000, 3.141592653589793116 ),
 .UNSPECIFIED. ) 
 CURVE ( )  GEOMETRIC_REPRESENTATION_ITEM ( )  RATIONAL_B_SPLINE_CURVE ( ( 1.000000000000000000, 0.3333333333333333703, 0.3333333333333333703, 1.000000000000000000 ) ) 
 REPRESENTATION_ITEM ( '' )  );
#396 = DIRECTION ( 'NONE',  ( -0.4119559801919229769, 0.9112037480081565111, 0.000000000000000000 ) ) ;
#397 = PRODUCT_RELATED_PRODUCT_CATEGORY ( 'part', '', ( #601 ) ) ;
#398 = ORIENTED_EDGE ( 'NONE', *, *, #487, .F. ) ;
#399 = CARTESIAN_POINT ( 'NONE',  ( -3.469446951953613400E-15, 25.49071072270786686, -5.999999999999999112 ) ) ;
#400 = CARTESIAN_POINT ( 'NONE',  ( -5.210666200173894147, 33.97106806694822012, 3.728732893577139329 ) ) ;
#401 = CARTESIAN_POINT ( 'NONE',  ( -0.6307885208897842100, 9.908577091921129565, 3.851639579229436006 ) ) ;
#402 = CARTESIAN_POINT ( 'NONE',  ( -4.585339562797737578, 24.15718556943900452, 4.176667858704131930 ) ) ;
#403 = CARTESIAN_POINT ( 'NONE',  ( -1.965410738015761272, 24.27665927216039066, 5.669414856049430185 ) ) ;
#404 = CARTESIAN_POINT ( 'NONE',  ( 2.137180703060712617, 26.88531437226652088, -5.542496596825454702 ) ) ;
#405 = EDGE_CURVE ( 'NONE', #355, #1068, #784, .T. ) ;
#406 = ORIENTED_EDGE ( 'NONE', *, *, #1081, .T. ) ;
#407 = CARTESIAN_POINT ( 'NONE',  ( 5.890772535952559785, 27.19150611504465331, 1.149466388286864760 ) ) ;
#408 = CARTESIAN_POINT ( 'NONE',  ( 2.448819118565689535E-13, 19.25000000000239808, 3.900000000000768186 ) ) ;
#409 = CARTESIAN_POINT ( 'NONE',  ( 1.250000000000000444, 18.00000000000000000, 5.868347297152752162 ) ) ;
#410 = CARTESIAN_POINT ( 'NONE',  ( 5.600416866036704633, 29.08715206475500636, 6.067695381803994346E-15 ) ) ;
#411 = CARTESIAN_POINT ( 'NONE',  ( -5.944401810474197134, 23.78314544778917039, 2.214268424432048299 ) ) ;
#412 = CARTESIAN_POINT ( 'NONE',  ( -2.974838505722309456, 23.65481368262172523, 5.224905320068826242 ) ) ;
#413 = CARTESIAN_POINT ( 'NONE',  ( 0.6306671557529766048, 16.90835326701438035, 5.968700329892008938 ) ) ;
#414 = EDGE_CURVE ( 'NONE', #535, #693, #665, .T. ) ;
#415 = ORIENTED_EDGE ( 'NONE', *, *, #1120, .T. ) ;
#416 = CARTESIAN_POINT ( 'NONE',  ( 0.7695398910855747454, 18.99841486507331823, 3.825149243927596032 ) ) ;
#417 = CARTESIAN_POINT ( 'NONE',  ( 0.7695398910855730801, 11.99841486507331823, 3.825149243927596032 ) ) ;
#418 = CARTESIAN_POINT ( 'NONE',  ( -0.7686975865578359324, 18.99898501685229846, 5.951687966938937535 ) ) ;
#419 = CARTESIAN_POINT ( 'NONE',  ( -6.044626097153752653, 23.75621026750876297, 1.967211503142407558 ) ) ;
#420 = CARTESIAN_POINT ( 'NONE',  ( -5.302307059114543364, 22.23100551816320802, 2.809808161738584609 ) ) ;
#421 = CARTESIAN_POINT ( 'NONE',  ( 4.531375456761794318, 28.42701571890676604, -3.517544839686436831 ) ) ;
#422 = VERTEX_POINT ( 'NONE', #1180 ) ;
#423 = CARTESIAN_POINT ( 'NONE',  ( -4.510756573288134952, 24.17815261862128651, -4.247332465953802760 ) ) ;
#424 = CARTESIAN_POINT ( 'NONE',  ( -2.869559801919232545, 34.60274820278942798, 3.759366374832249225 ) ) ;
#425 = CARTESIAN_POINT ( 'NONE',  ( -2.869559801919231656, 34.76533803642522713, 3.742516912343208713 ) ) ;
#426 = CARTESIAN_POINT ( 'NONE',  ( -4.119559801919233877, 34.60274820278943508, 6.022500000000000853 ) ) ;
#427 = CARTESIAN_POINT ( 'NONE',  ( -2.243577349979354096, 24.10464448489938150, -5.564749516673918706 ) ) ;
#428 = CARTESIAN_POINT ( 'NONE',  ( 2.996995225384858852, 27.44377692679760372, -5.065608447212658128 ) ) ;
#429 = EDGE_LOOP ( 'NONE', ( #129, #1417, #592, #3, #71, #184 ) ) ;
#430 = CARTESIAN_POINT ( 'NONE',  ( -6.399583133963294479, 23.66194198072138377, -0.7623453225526406474 ) ) ;
#431 = CARTESIAN_POINT ( 'NONE',  ( -1.216727335604683935, 17.67015803499831605, 3.705928495411420887 ) ) ;
#432 = CARTESIAN_POINT ( 'NONE',  ( -4.283512679139819035, 35.85282640509844754, 5.992312048536366120 ) ) ;
#433 = DIRECTION ( 'NONE',  ( 0.000000000000000000, 0.000000000000000000, -1.000000000000000000 ) ) ;
#434 = CARTESIAN_POINT ( 'NONE',  ( -3.611405568481229178, 23.26377561105135428, 4.794951778399858533 ) ) ;
#435 = CARTESIAN_POINT ( 'NONE',  ( 0.000000000000000000, 18.00000000000000000, 6.022500000000000853 ) ) ;
#436 = ORIENTED_EDGE ( 'NONE', *, *, #1039, .T. ) ;
#437 = CARTESIAN_POINT ( 'NONE',  ( -5.899352036633978003, 23.79527063584676583, -2.316933262505048052 ) ) ;
#438 = CARTESIAN_POINT ( 'NONE',  ( 0.1655650044165727641, 12.24169561575052434, 3.897316213440674026 ) ) ;
#439 = CARTESIAN_POINT ( 'NONE',  ( -0.9980854172072863850, 18.76977584745067418, 3.771957192524773461 ) ) ;
#440 = CARTESIAN_POINT ( 'NONE',  ( 0.08236354854050045859, 9.749999999999996447, 3.899999999999998579 ) ) ;
#441 = CARTESIAN_POINT ( 'NONE',  ( -2.066239213984364831, 24.21420469610908910, 5.633110291425927230 ) ) ;
#442 = EDGE_CURVE ( 'NONE', #810, #979, #769, .T. ) ;
#443 = CARTESIAN_POINT ( 'NONE',  ( -1.250000000000000000, 10.83428751861096728, 5.868347297152752162 ) ) ;
#444 = ORIENTED_EDGE ( 'NONE', *, *, #909, .T. ) ;
#445 = CARTESIAN_POINT ( 'NONE',  ( -0.7686975865578364875, 11.99898501685229668, 5.951687966938936647 ) ) ;
#446 = VECTOR ( 'NONE', #1164, 1000.000000000000000 ) ;
#447 = CARTESIAN_POINT ( 'NONE',  ( -4.889808326316786413, 35.60064970517986183, 3.893496640977061940 ) ) ;
#448 = FACE_OUTER_BOUND ( 'NONE', #527, .T. ) ;
#449 = CARTESIAN_POINT ( 'NONE',  ( 5.557124192448552158, 27.07060326744224099, -2.352368970834250561 ) ) ;
#450 = CARTESIAN_POINT ( 'NONE',  ( 3.899999999999999911, 27.25390400001877822, -2.284567106744930243 ) ) ;
#451 = ORIENTED_EDGE ( 'NONE', *, *, #899, .T. ) ;
#452 = EDGE_CURVE ( 'NONE', #374, #1263, #1398, .T. ) ;
#453 = CARTESIAN_POINT ( 'NONE',  ( -5.770384857038937554, 23.83004209673512364, -2.588092929011266197 ) ) ;
#454 = CYLINDRICAL_SURFACE ( 'NONE', #266, 6.000000000000000888 ) ;
#455 = CARTESIAN_POINT ( 'NONE',  ( 1.092208466258267840, 11.62939131218509381, 5.900095552813819921 ) ) ;
#456 = AXIS2_PLACEMENT_3D ( 'NONE', #1051, #125, #46 ) ;
#457 = CARTESIAN_POINT ( 'NONE',  ( 5.600416866036704633, 29.08715206475500636, 6.067695381803994346E-15 ) ) ;
#458 = FACE_OUTER_BOUND ( 'NONE', #1220, .T. ) ;
#459 = CARTESIAN_POINT ( 'NONE',  ( 0.1648369030144906100, 9.758218307946936676, 5.998272691490257102 ) ) ;
#460 = ORIENTED_EDGE ( 'NONE', *, *, #246, .F. ) ;
#461 = EDGE_CURVE ( 'NONE', #282, #586, #517, .T. ) ;
#462 = ORIENTED_EDGE ( 'NONE', *, *, #1344, .T. ) ;
#463 = DIRECTION ( 'NONE',  ( 0.000000000000000000, 0.000000000000000000, 1.000000000000000000 ) ) ;
#464 = CARTESIAN_POINT ( 'NONE',  ( 5.607632630823692566, 27.08945069109226012, -2.135888436007913782 ) ) ;
#465 = CARTESIAN_POINT ( 'NONE',  ( 0.000000000000000000, 5.999999999999998224, 0.000000000000000000 ) ) ;
#466 = CARTESIAN_POINT ( 'NONE',  ( -3.900000000000000799, 23.72751744539693064, 0.000000000000000000 ) ) ;
#467 =( LENGTH_UNIT ( ) NAMED_UNIT ( * ) SI_UNIT ( .MILLI., .METRE. ) );
#468 = ORIENTED_EDGE ( 'NONE', *, *, #1136, .F. ) ;
#469 = B_SPLINE_CURVE_WITH_KNOTS ( 'NONE', 3,
 ( #853, #1416, #1432, #1294, #763, #421, #288, #1195, #1211, #739, #78, #886, #542, #1441, #1187, #428, #526, #175, #1311, #629, #306, #202, #1318, #1093, #756, #70, #404, #1204, #653, #314, #22, #900 ),
 .UNSPECIFIED., .F., .F.,
 ( 4, 2, 2, 2, 1, 1, 2, 2, 2, 2, 2, 1, 1, 1, 1, 2, 2, 2, 4 ),
 ( 0.5000000000000000000, 0.6249999999999826805, 0.6874999999999740208, 0.7187499999999695799, 0.7343749999999675815, 0.7421874999999663602, 0.7460937499999655831, 0.7499999999999649170, 0.8124999999999542588, 0.8437499999999489297, 0.8593749999999464873, 0.8671874999999451550, 0.8710937499999447109, 0.8730468749999444888, 0.8740234374999443778, 0.8745117187499444888, 0.8749999999999445999, 0.9374999999999722444, 1.000000000000000000 ),
 .UNSPECIFIED. ) ;
#470 = CARTESIAN_POINT ( 'NONE',  ( -1.090905997008277062, 11.63184360379709226, 3.744898984890887128 ) ) ;
#471 = CIRCLE ( 'NONE', #613, 3.899999999999999911 ) ;
#472 = CARTESIAN_POINT ( 'NONE',  ( -2.869559801919230768, 34.43987322881163493, 5.920292190166931867 ) ) ;
#473 = CARTESIAN_POINT ( 'NONE',  ( 4.885436583479336292, 28.65121812340487750, 3.021713878964503053 ) ) ;
#474 = VERTEX_POINT ( 'NONE', #297 ) ;
#475 = ORIENTED_EDGE ( 'NONE', *, *, #414, .F. ) ;
#476 = CARTESIAN_POINT ( 'NONE',  ( 1.216952723459082453, 25.81417938566870873, -5.875499744762131549 ) ) ;
#477 = B_SPLINE_CURVE_WITH_KNOTS ( 'NONE', 3,
 ( #224, #676, #1121, #561, #1014, #1388, #378, #1027, #838, #1148, #1252, #250 ),
 .UNSPECIFIED., .F., .F.,
 ( 4, 2, 2, 2, 2, 4 ),
 ( 0.003934119293511091978, 0.004425732356910622514, 0.004917345420310153051, 0.005408958483709683587, 0.005654765015409450590, 0.005900571547109217593 ),
 .UNSPECIFIED. ) ;
#478 = CARTESIAN_POINT ( 'NONE',  ( -3.955489477877402127, 33.36087111592635068, 5.991361094687601252 ) ) ;
#479 = EDGE_CURVE ( 'NONE', #774, #1172, #469, .T. ) ;
#480 = CARTESIAN_POINT ( 'NONE',  ( 5.451995333338915728, 28.99942481362593938, -1.570487309418004296 ) ) ;
#481 = ORIENTED_EDGE ( 'NONE', *, *, #1030, .T. ) ;
#482 = CARTESIAN_POINT ( 'NONE',  ( -9.431058826898556344E-15, 25.49071072270786331, -6.000000000000000888 ) ) ;
#483 = CARTESIAN_POINT ( 'NONE',  ( -2.931426187483410661, 23.68055917561666135, -5.290547483490444236 ) ) ;
#484 = CARTESIAN_POINT ( 'NONE',  ( -11.76738372268692778, 35.53495815280525250, 0.000000000000000000 ) ) ;
#485 = CARTESIAN_POINT ( 'NONE',  ( 7.347880794884120722E-16, 30.00000000000000000, 6.000000000000000888 ) ) ;
#486 = CARTESIAN_POINT ( 'NONE',  ( -2.788919625212186393, 32.53245662846769903, -5.991914907688020264 ) ) ;
#487 = EDGE_CURVE ( 'NONE', #894, #1267, #541, .T. ) ;
#488 = CARTESIAN_POINT ( 'NONE',  ( 0.9624581683447255287, 25.74620297282805836, -5.923523399217648588 ) ) ;
#489 = CARTESIAN_POINT ( 'NONE',  ( -6.798646677177577116E-15, 25.49071072270786686, -5.999999999999999112 ) ) ;
#490 = LINE ( 'NONE', #806, #372 ) ;
#491 = CARTESIAN_POINT ( 'NONE',  ( -1.655591986384386427, 25.00202906829541760, -5.797498436174528536 ) ) ;
#492 = DIRECTION ( 'NONE',  ( -1.000000000000000000, 0.000000000000000000, 0.000000000000000000 ) ) ;
#493 = VERTEX_POINT ( 'NONE', #1342 ) ;
#494 = CARTESIAN_POINT ( 'NONE',  ( 2.937873145775057093, 26.28157594921657036, 5.232142416483605452 ) ) ;
#495 = CARTESIAN_POINT ( 'NONE',  ( -5.189769214817646414, 22.29903041502419470, 3.117334580023985779 ) ) ;
#496 = CARTESIAN_POINT ( 'NONE',  ( -5.369559801919228548, 34.60274820278944219, 3.759366374832258550 ) ) ;
#497 = CARTESIAN_POINT ( 'NONE',  ( -2.863957638524377902, 24.64931248619231496, 5.362397697996618362 ) ) ;
#498 = CARTESIAN_POINT ( 'NONE',  ( 0.000000000000000000, 28.20331576472465684, 0.000000000000000000 ) ) ;
#499 = ADVANCED_BREP_SHAPE_REPRESENTATION ( 'hangszed\X2\0151\X0\ adapter', ( #570, #1141 ), #598 ) ;
#500 = AXIS2_PLACEMENT_3D ( 'NONE', #1064, #180, #728 ) ;
#501 = ORIENTED_EDGE ( 'NONE', *, *, #596, .F. ) ;
#502 = EDGE_CURVE ( 'NONE', #29, #322, #1139, .T. ) ;
#503 = CARTESIAN_POINT ( 'NONE',  ( 1.648600770935157334, 25.92984504043284844, 5.769689869529871729 ) ) ;
#504 = CARTESIAN_POINT ( 'NONE',  ( -3.055366874310454062, 24.11712914444043321, 5.226341377120275133 ) ) ;
#505 = CARTESIAN_POINT ( 'NONE',  ( 7.348378630075893108E-16, 19.25000000000000000, 6.000000000000000888 ) ) ;
#506 = CARTESIAN_POINT ( 'NONE',  ( -2.708482877341956030, 24.69450681963941108, 5.432504002723899106 ) ) ;
#507 = DIRECTION ( 'NONE',  ( -0.9112037480081561780, -0.4119559801919238096, 0.000000000000000000 ) ) ;
#508 = CARTESIAN_POINT ( 'NONE',  ( -6.268545784091415385, 38.02098740571650382, -5.979033081377691516 ) ) ;
#509 = ORIENTED_EDGE ( 'NONE', *, *, #783, .T. ) ;
#510 =( BOUNDED_CURVE ( )  B_SPLINE_CURVE ( 3, ( #888, #104, #338, #895 ),
 .UNSPECIFIED., .F., .T. ) 
 B_SPLINE_CURVE_WITH_KNOTS ( ( 4, 4 ),
 ( 3.141592653589793116, 4.712388980384689674 ),
 .UNSPECIFIED. ) 
 CURVE ( )  GEOMETRIC_REPRESENTATION_ITEM ( )  RATIONAL_B_SPLINE_CURVE ( ( 1.000000000000000000, 0.8047378541243649375, 0.8047378541243649375, 1.000000000000000000 ) ) 
 REPRESENTATION_ITEM ( '' )  );
#511 = CARTESIAN_POINT ( 'NONE',  ( -5.109179438012862562, 24.00982461455938832, -3.687280322181972991 ) ) ;
#512 = CARTESIAN_POINT ( 'NONE',  ( 0.000000000000000000, 25.49071072270785621, -3.899999999999999911 ) ) ;
#513 = EDGE_CURVE ( 'NONE', #935, #834, #1256, .T. ) ;
#514 = LINE ( 'NONE', #191, #1340 ) ;
#515 = CARTESIAN_POINT ( 'NONE',  ( -3.302492326588847504, 32.21623666783062134, -5.997101869886861891 ) ) ;
#516 = VECTOR ( 'NONE', #396, 1000.000000000000000 ) ;
#517 = LINE ( 'NONE', #747, #516 ) ;
#518 = ORIENTED_EDGE ( 'NONE', *, *, #683, .T. ) ;
#519 = CARTESIAN_POINT ( 'NONE',  ( 4.809865431018403470, 26.82773967779682422, 3.587142650040426428 ) ) ;
#520 = CARTESIAN_POINT ( 'NONE',  ( -4.349830629599806819, 24.22349036710837211, -4.392699701614501073 ) ) ;
#521 = LINE ( 'NONE', #1428, #290 ) ;
#522 = CARTESIAN_POINT ( 'NONE',  ( 2.128392918041651427, 26.87959194069670232, 5.546402975638039301 ) ) ;
#523 = EDGE_CURVE ( 'NONE', #1267, #574, #807, .T. ) ;
#524 = CARTESIAN_POINT ( 'NONE',  ( -3.442274675913009396, 24.48207567262827311, 5.055912701338112214 ) ) ;
#525 = CARTESIAN_POINT ( 'NONE',  ( -4.166442209106603123, 22.92334599762619618, -4.317508345655697966 ) ) ;
#526 = CARTESIAN_POINT ( 'NONE',  ( 2.836988390242185520, 27.34007781959323680, -5.171240308555600684 ) ) ;
#527 = EDGE_LOOP ( 'NONE', ( #267, #415, #623, #307, #475, #388, #871, #444, #130, #1366 ) ) ;
#528 = CIRCLE ( 'NONE', #84, 3.899999999999999911 ) ;
#529 = CARTESIAN_POINT ( 'NONE',  ( -0.5595074867490937853, 25.32535564876337730, -6.000000000000002665 ) ) ;
#530 = CARTESIAN_POINT ( 'NONE',  ( -1.090993088338154449, 17.36837098524353706, 3.744871894138490198 ) ) ;
#531 = CARTESIAN_POINT ( 'NONE',  ( -1.216727335604683713, 10.67015803499831605, 3.705928495411419554 ) ) ;
#532 = CARTESIAN_POINT ( 'NONE',  ( -1.045941368460454601, 25.18135137607695029, 5.931681730970857380 ) ) ;
#533 = CARTESIAN_POINT ( 'NONE',  ( -5.490409881936934688, 22.11668285766170428, 2.419911154007424070 ) ) ;
#534 = CARTESIAN_POINT ( 'NONE',  ( -11.76738372268692778, 35.53495815280525250, -3.285954185003543859 ) ) ;
#535 = VERTEX_POINT ( 'NONE', #108 ) ;
#536 = CARTESIAN_POINT ( 'NONE',  ( -2.436732625312473477, 24.77366772276333151, -5.544825130554559500 ) ) ;
#537 = CARTESIAN_POINT ( 'NONE',  ( -1.250000000000000444, 17.83366302423964456, 3.694252292413175098 ) ) ;
#538 = CARTESIAN_POINT ( 'NONE',  ( 0.7689773575773143355, 11.99887024139566805, 5.951658858145862041 ) ) ;
#539 = CARTESIAN_POINT ( 'NONE',  ( 0.7686767630154204278, 10.00086548980824475, 3.825332514316147403 ) ) ;
#540 = CARTESIAN_POINT ( 'NONE',  ( -2.218383519079279775, 24.12017640611316338, 5.574834396474545706 ) ) ;
#541 = B_SPLINE_CURVE_WITH_KNOTS ( 'NONE', 3,
 ( #556, #443, #234, #788, #893, #579, #1335, #1024, #17, #1218 ),
 .UNSPECIFIED., .F., .F.,
 ( 4, 2, 2, 2, 4 ),
 ( 0.000000000000000000, 0.0004899730491128622073, 0.0009799460982257244147, 0.001469919147338586730, 0.001959892196451448396 ),
 .UNSPECIFIED. ) ;
#542 = CARTESIAN_POINT ( 'NONE',  ( 3.963800623816735147, 28.06705211834611546, -4.227072057033974595 ) ) ;
#543 = ORIENTED_EDGE ( 'NONE', *, *, #770, .T. ) ;
#544 = AXIS2_PLACEMENT_3D ( 'NONE', #716, #174, #947 ) ;
#545 = CARTESIAN_POINT ( 'NONE',  ( 1.066121234726256422E-14, 16.74999999999986500, 3.900000000000042544 ) ) ;
#546 = DIRECTION ( 'NONE',  ( 0.9112037480081564000, 0.4119559801919231989, 0.000000000000000000 ) ) ;
#547 = CARTESIAN_POINT ( 'NONE',  ( -2.869559801919232989, 34.60274820278945640, 5.909554597448048341 ) ) ;
#548 = CARTESIAN_POINT ( 'NONE',  ( 3.900000000000000355, 27.25390400001877822, 4.776122516674677286E-16 ) ) ;
#549 = CARTESIAN_POINT ( 'NONE',  ( -5.358491137151225381, 22.19669034934788243, -2.726136104389506265 ) ) ;
#550 = VERTEX_POINT ( 'NONE', #1130 ) ;
#551 = CARTESIAN_POINT ( 'NONE',  ( -6.240815390883680536, 23.70334597407199340, -1.549246447758852563 ) ) ;
#552 = CARTESIAN_POINT ( 'NONE',  ( -2.869559801919234765, 34.44013597302014063, 3.776218158270903125 ) ) ;
#553 = CARTESIAN_POINT ( 'NONE',  ( -3.035754848226183356, 35.23092048899300011, 3.731006289142400956 ) ) ;
#554 = CARTESIAN_POINT ( 'NONE',  ( 7.347880794884120722E-16, 5.999999999999998224, 6.000000000000000888 ) ) ;
#555 = CARTESIAN_POINT ( 'NONE',  ( -4.195757072148316169, 22.90541824953223937, -4.289031358274526973 ) ) ;
#556 = CARTESIAN_POINT ( 'NONE',  ( -1.250000000000000000, 11.00000000000000000, 5.868347297152752162 ) ) ;
#557 = EDGE_LOOP ( 'NONE', ( #671, #1376, #460, #96, #543, #468, #1400, #802, #1124, #1205 ) ) ;
#558 = ADVANCED_FACE ( 'NONE', ( #916 ), #1017, .F. ) ;
#559 = CARTESIAN_POINT ( 'NONE',  ( 7.347880794884120722E-16, 30.00000000000000000, 6.000000000000000888 ) ) ;
#560 = CARTESIAN_POINT ( 'NONE',  ( -1.250000000000000444, 18.00000000000000000, 5.868347297152751274 ) ) ;
#561 = CARTESIAN_POINT ( 'NONE',  ( 1.091513453146951473, 17.36933254325307985, 3.744716720308476354 ) ) ;
#562 = CARTESIAN_POINT ( 'NONE',  ( 3.913193046891553895, 27.20462022572739968, -4.642521359085757915 ) ) ;
#563 = EDGE_CURVE ( 'NONE', #162, #1255, #471, .T. ) ;
#564 = CARTESIAN_POINT ( 'NONE',  ( 0.3252829337516155994, 9.790295908776233347, 5.991714070204210429 ) ) ;
#565 = VERTEX_POINT ( 'NONE', #780 ) ;
#566 = CARTESIAN_POINT ( 'NONE',  ( -2.284567106744928910, 24.45785601394418407, 3.900000000000001243 ) ) ;
#567 = DIRECTION ( 'NONE',  ( -0.000000000000000000, -1.000000000000000000, -0.000000000000000000 ) ) ;
#568 = VECTOR ( 'NONE', #48, 1000.000000000000000 ) ;
#569 = CARTESIAN_POINT ( 'NONE',  ( -5.118826962933444413, 35.37120626649146260, 5.977162217579553349 ) ) ;
#570 = MANIFOLD_SOLID_BREP ( 'Cut-Extrude6', #97 ) ;
#571 = CARTESIAN_POINT ( 'NONE',  ( 2.448819118565689535E-13, 19.25000000000239808, 3.900000000000768186 ) ) ;
#572 = CARTESIAN_POINT ( 'NONE',  ( 4.255152886733174711, 26.65571191521078731, 4.306958711766768033 ) ) ;
#573 = ADVANCED_FACE ( 'NONE', ( #1374 ), #923, .F. ) ;
#574 = VERTEX_POINT ( 'NONE', #1363 ) ;
#575 = DIRECTION ( 'NONE',  ( 0.000000000000000000, 0.000000000000000000, -1.000000000000000000 ) ) ;
#576 = CARTESIAN_POINT ( 'NONE',  ( 0.6053503867099284674, 25.65115025104002200, -5.974225611481388754 ) ) ;
#577 = CARTESIAN_POINT ( 'NONE',  ( -6.903832097224815365E-15, 25.49071072270786686, 6.000000000000000888 ) ) ;
#578 = CARTESIAN_POINT ( 'NONE',  ( -7.258817697812716202E-15, 25.49071072270786686, 6.000000000000000888 ) ) ;
#579 = CARTESIAN_POINT ( 'NONE',  ( -0.7684693541442919607, 10.00079798532322961, 5.951721103450775985 ) ) ;
#580 = EDGE_LOOP ( 'NONE', ( #630, #509, #1025, #933, #109, #1312, #361, #948, #918, #50, #1196 ) ) ;
#581 = CARTESIAN_POINT ( 'NONE',  ( -0.1649632520432345872, 12.25000000000000000, 6.000000000000000000 ) ) ;
#582 = CARTESIAN_POINT ( 'NONE',  ( 2.738390721893662949, 26.22636077727494808, -5.338657040292730471 ) ) ;
#583 = CARTESIAN_POINT ( 'NONE',  ( -5.117906150994968151, 33.83306972909284127, 5.895192726482673784 ) ) ;
#584 = CARTESIAN_POINT ( 'NONE',  ( 3.913193046888353344, 27.20462022572598215, 4.642521359080750365 ) ) ;
#585 = EDGE_LOOP ( 'NONE', ( #1295, #757 ) ) ;
#586 = VERTEX_POINT ( 'NONE', #354 ) ;
#587 = CARTESIAN_POINT ( 'NONE',  ( 3.185799821030111723, 26.34992431337117935, -5.107947504852695886 ) ) ;
#588 = VECTOR ( 'NONE', #1277, 1000.000000000000000 ) ;
#589 = CARTESIAN_POINT ( 'NONE',  ( -4.886994388619676499, 33.60267593504039496, 5.914178246838718067 ) ) ;
#590 = CARTESIAN_POINT ( 'NONE',  ( 1.926262783123064537, 26.00207097306577353, 5.757469886545989901 ) ) ;
#591 = B_SPLINE_CURVE_WITH_KNOTS ( 'NONE', 3,
 ( #273, #746, #724, #1286, #279, #628, #403, #441, #1317, #635, #772, #892, #1326, #540, #1115, #201, #412, #876, #434, #869, #670, #1083, #1217, #898, #1431, #1448, #207, #659, #1309, #652, #420, #1107, #305, #313, #533, #1225, #1002, #107, #1334, #101, #320, #182, #755, #77, #976, #335, #1210, #779, #549, #1341, #993, #328, #1009, #787, #984, #215, #555, #1456, #525, #1203, #1099, #192, #645, #762, #1423, #1092, #87, #93, #1440, #427, #885, #793, #808, #245, #1023, #1033, #1129, #16 ),
 .UNSPECIFIED., .F., .F.,
 ( 4, 2, 2, 2, 1, 1, 1, 1, 2, 2, 2, 2, 1, 1, 1, 2, 2, 2, 2, 1, 1, 2, 2, 2, 2, 2, 1, 1, 2, 2, 2, 2, 1, 1, 1, 2, 2, 2, 2, 2, 1, 1, 1, 1, 2, 2, 2, 4 ),
 ( 0.000000000000000000, 0.06249999999998567812, 0.09374999999997836453, 0.1093749999999745620, 0.1171874999999724665, 0.1210937499999712175, 0.1230468749999707179, 0.1240234374999706901, 0.1245117187499707456, 0.1249999999999708011, 0.1874999999999844569, 0.2187499999999912847, 0.2343749999999947264, 0.2421874999999963085, 0.2460937499999971689, 0.2480468749999974742, 0.2499999999999977796, 0.3125000000000010547, 0.3437500000000028311, 0.3593750000000036637, 0.3671875000000040523, 0.3710937500000042188, 0.3750000000000043854, 0.5000000000000089928, 0.5625000000000113243, 0.5937500000000124345, 0.6093750000000129896, 0.6171875000000133227, 0.6210937500000134337, 0.6250000000000135447, 0.6875000000000142109, 0.7187500000000145439, 0.7343750000000147660, 0.7421875000000149880, 0.7460937500000150990, 0.7480468750000150990, 0.7500000000000150990, 0.8125000000000136557, 0.8437500000000129896, 0.8593750000000127676, 0.8671875000000125455, 0.8710937500000123235, 0.8730468750000121014, 0.8740234375000119904, 0.8745117187500119904, 0.8750000000000119904, 0.9375000000000059952, 1.000000000000000000 ),
 .UNSPECIFIED. ) ;
#592 = ORIENTED_EDGE ( 'NONE', *, *, #790, .T. ) ;
#593 = CARTESIAN_POINT ( 'NONE',  ( 2.358026902379928735, 26.12188364701069787, -5.518335833656682787 ) ) ;
#594 = CARTESIAN_POINT ( 'NONE',  ( -6.231367739116347337, 23.70588726910335708, 1.570487309417268662 ) ) ;
#595 = CARTESIAN_POINT ( 'NONE',  ( -2.901998187145337305, 34.27609926656211314, 5.934884396548250507 ) ) ;
#596 = EDGE_CURVE ( 'NONE', #781, #1011, #879, .T. ) ;
#597 = CARTESIAN_POINT ( 'NONE',  ( 1.250000000000000444, 18.16341591620296470, 5.868347297152752162 ) ) ;
#598 =( GEOMETRIC_REPRESENTATION_CONTEXT ( 3 ) GLOBAL_UNCERTAINTY_ASSIGNED_CONTEXT ( ( #937 ) ) GLOBAL_UNIT_ASSIGNED_CONTEXT ( ( #682, #912, #248 ) ) REPRESENTATION_CONTEXT ( 'NONE', 'WORKASPACE' ) );
#599 = CARTESIAN_POINT ( 'NONE',  ( -2.745647841535388878, 32.85843252955217508, -3.869715751535190318 ) ) ;
#600 = VERTEX_POINT ( 'NONE', #1292 ) ;
#601 = PRODUCT ( 'hangszed\X2\0151\X0\ adapter', 'hangszed\X2\0151\X0\ adapter', '', ( #24 ) ) ;
#602 = CARTESIAN_POINT ( 'NONE',  ( -0.7689523082180416136, 11.99872003236461815, 3.825251352521471304 ) ) ;
#603 = B_SPLINE_CURVE_WITH_KNOTS ( 'NONE', 3,
 ( #761, #1285, #730, #858, #166, #286, #1414, #1299, #181, #294 ),
 .UNSPECIFIED., .F., .F.,
 ( 4, 2, 2, 2, 4 ),
 ( 0.000000000000000000, 0.0004899730491128623158, 0.0009799460982257246315, 0.001469919147338586947, 0.001959892196451449263 ),
 .UNSPECIFIED. ) ;
#604 = CARTESIAN_POINT ( 'NONE',  ( -4.828668089847599987, 23.31449496216462336, 3.651581233213926136 ) ) ;
#605 = CYLINDRICAL_SURFACE ( 'NONE', #456, 0.5500000000000010436 ) ;
#606 = CARTESIAN_POINT ( 'NONE',  ( 0.08214305862874064779, 19.24999999999997513, 3.899999999999990141 ) ) ;
#607 = DIRECTION ( 'NONE',  ( 0.000000000000000000, 0.000000000000000000, 1.000000000000000000 ) ) ;
#608 = ORIENTED_EDGE ( 'NONE', *, *, #881, .T. ) ;
#609 = CARTESIAN_POINT ( 'NONE',  ( 1.444838454716485421, 25.87519271691556355, 5.823440450090441978 ) ) ;
#610 = CARTESIAN_POINT ( 'NONE',  ( -0.7562444109901701461, 25.02302175389030481, -5.999999999999999112 ) ) ;
#611 = CARTESIAN_POINT ( 'NONE',  ( 1.066121172687710480E-14, 9.749999999999864997, 3.900000000000042544 ) ) ;
#612 = CARTESIAN_POINT ( 'NONE',  ( -3.787241984612026435, 24.38316342355835786, -4.833536149801791915 ) ) ;
#613 = AXIS2_PLACEMENT_3D ( 'NONE', #348, #660, #128 ) ;
#614 = CARTESIAN_POINT ( 'NONE',  ( -6.268545784091415385, 38.02098740571650382, -3.867665521759708902 ) ) ;
#615 = EDGE_CURVE ( 'NONE', #29, #693, #875, .T. ) ;
#616 = ORIENTED_EDGE ( 'NONE', *, *, #790, .F. ) ;
#617 = CARTESIAN_POINT ( 'NONE',  ( 2.032369860714331011, 26.03332815792531463, 5.646534883558745221 ) ) ;
#618 = CARTESIAN_POINT ( 'NONE',  ( -3.055366874313438785, 24.11712914444929012, -5.226341377119917198 ) ) ;
#619 = CARTESIAN_POINT ( 'NONE',  ( 3.920037356471770984, 28.03903550845235770, 4.273753665387542533 ) ) ;
#620 = CARTESIAN_POINT ( 'NONE',  ( -2.964712056382831751, 24.62008109090606922, 5.313741120586679578 ) ) ;
#621 = PLANE ( 'NONE',  #161 ) ;
#622 = CARTESIAN_POINT ( 'NONE',  ( -3.431113842287309978, 32.23272019411245992, -3.887680840086279677 ) ) ;
#623 = ORIENTED_EDGE ( 'NONE', *, *, #461, .F. ) ;
#624 = CARTESIAN_POINT ( 'NONE',  ( -9.667383722686926362, 36.48436991751113112, 0.000000000000000000 ) ) ;
#625 = CARTESIAN_POINT ( 'NONE',  ( -4.828668089847576006, 23.31449496216893635, -3.651581233213953226 ) ) ;
#626 = CARTESIAN_POINT ( 'NONE',  ( -2.284567106744930243, 24.45785601394418407, -3.900000000000000799 ) ) ;
#627 = CARTESIAN_POINT ( 'NONE',  ( -2.745647841535385769, 32.78034070677312428, -32.00000000000000000 ) ) ;
#628 = CARTESIAN_POINT ( 'NONE',  ( -1.894088365780560279, 24.32088969544536639, 5.693742961578438511 ) ) ;
#629 = CARTESIAN_POINT ( 'NONE',  ( 2.363881129275847037, 27.03282668380579778, -5.435360168342590725 ) ) ;
#630 = ORIENTED_EDGE ( 'NONE', *, *, #375, .F. ) ;
#631 = CARTESIAN_POINT ( 'NONE',  ( -0.8345813317125310160, 25.24406119417365701, -5.999999999999999112 ) ) ;
#632 = DIRECTION ( 'NONE',  ( -0.000000000000000000, -0.000000000000000000, 1.000000000000000000 ) ) ;
#633 = CARTESIAN_POINT ( 'NONE',  ( 2.033791794785654972, 26.81794507919528670, 5.587464581438296385 ) ) ;
#634 = CARTESIAN_POINT ( 'NONE',  ( -5.929206762157218868, 23.78723422423432154, 2.249368850751664262 ) ) ;
#635 = CARTESIAN_POINT ( 'NONE',  ( -2.169478275834665126, 24.15035556720309273, 5.594089069810707748 ) ) ;
#636 = VECTOR ( 'NONE', #696, 1000.000000000000000 ) ;
#637 = CARTESIAN_POINT ( 'NONE',  ( -3.302529930078529574, 32.21623379898559847, -3.895539096875027418 ) ) ;
#638 = EDGE_LOOP ( 'NONE', ( #1248, #1157, #356, #647 ) ) ;
#639 = CARTESIAN_POINT ( 'NONE',  ( 5.647526362279507772, 27.10314780100534549, 2.053189329140312047 ) ) ;
#640 = LINE ( 'NONE', #485, #1174 ) ;
#641 = CARTESIAN_POINT ( 'NONE',  ( -0.6307885208897842100, 16.90857709192113134, 3.851639579229436894 ) ) ;
#642 = CARTESIAN_POINT ( 'NONE',  ( 3.845610050583545991, 27.99133119692685412, 4.351198767010375335 ) ) ;
#643 = EDGE_CURVE ( 'NONE', #1328, #535, #385, .T. ) ;
#644 = CARTESIAN_POINT ( 'NONE',  ( -5.226931050343205598, 23.97840342628100885, 3.457508949512772656 ) ) ;
#645 = CARTESIAN_POINT ( 'NONE',  ( -2.965873782336367004, 23.66031074952302760, -5.219636929777794698 ) ) ;
#646 = CARTESIAN_POINT ( 'NONE',  ( 1.250000000000000000, 17.83663017206718138, 5.868347297152748610 ) ) ;
#647 = ORIENTED_EDGE ( 'NONE', *, *, #862, .F. ) ;
#648 = CARTESIAN_POINT ( 'NONE',  ( -1.045879601834887040, 25.18136946666209042, -5.931691370207694547 ) ) ;
#649 = CARTESIAN_POINT ( 'NONE',  ( 0.6325620383372809741, 12.09063704585459575, 3.851407168209954879 ) ) ;
#650 = CARTESIAN_POINT ( 'NONE',  ( -4.201288082928329004, 35.85275063722919953, 3.879894946880095841 ) ) ;
#651 = CARTESIAN_POINT ( 'NONE',  ( -5.100549535467660434, 24.01332973733035203, 3.619704267598846226 ) ) ;
#652 = CARTESIAN_POINT ( 'NONE',  ( -5.161350735109791366, 22.31678054282943080, 3.065678849588822974 ) ) ;
#653 = CARTESIAN_POINT ( 'NONE',  ( 1.623783222889363165, 26.55017517344968425, -5.753781697572889264 ) ) ;
#654 = ORIENTED_EDGE ( 'NONE', *, *, #414, .T. ) ;
#655 = CARTESIAN_POINT ( 'NONE',  ( -5.457801879286597213, 23.91497403101650221, -3.129339623069040233 ) ) ;
#656 = CARTESIAN_POINT ( 'NONE',  ( 1.250000000000000000, 11.00000000000000000, 3.694252292413175098 ) ) ;
#657 = CARTESIAN_POINT ( 'NONE',  ( 0.1650604345698593323, 12.25000000000000000, 6.000000000000001776 ) ) ;
#658 = CARTESIAN_POINT ( 'NONE',  ( -2.869559801919233877, 34.60274820278943508, 6.022500000000000853 ) ) ;
#659 = CARTESIAN_POINT ( 'NONE',  ( -4.720155801171403098, 22.58541620697685204, 3.725372193003857912 ) ) ;
#660 = DIRECTION ( 'NONE',  ( 0.000000000000000000, -1.000000000000000000, -0.000000000000000000 ) ) ;
#661 = EDGE_CURVE ( 'NONE', #322, #282, #514, .T. ) ;
#662 = ORIENTED_EDGE ( 'NONE', *, *, #301, .T. ) ;
#663 = VECTOR ( 'NONE', #8, 1000.000000000000000 ) ;
#664 = CARTESIAN_POINT ( 'NONE',  ( -3.295647841535386480, 32.78034070677312428, -32.00000000000000000 ) ) ;
#665 = B_SPLINE_CURVE_WITH_KNOTS ( 'NONE', 3,
 ( #1301, #877, #193, #622, #637, #281, #732, #994, #1074, #1424 ),
 .UNSPECIFIED., .F., .F.,
 ( 4, 2, 2, 2, 4 ),
 ( 0.000000000000000000, 0.0003721329753501689645, 0.0007442659507003379291, 0.001116398926050506894, 0.001488531901400675858 ),
 .UNSPECIFIED. ) ;
#666 = CARTESIAN_POINT ( 'NONE',  ( 1.083848045621083056, 11.62799129566150746, 3.746661510565006736 ) ) ;
#667 = CARTESIAN_POINT ( 'NONE',  ( -4.749144442987875969, 35.69497399519200798, 6.000795517634490928 ) ) ;
#668 = PRODUCT_DEFINITION ( 'UNKNOWN', '', #197, #821 ) ;
#669 = CARTESIAN_POINT ( 'NONE',  ( 1.066121172687710480E-14, 9.749999999999864997, 3.900000000000042544 ) ) ;
#670 = CARTESIAN_POINT ( 'NONE',  ( -3.930763373934900606, 23.06771594036650441, 4.534655650410631011 ) ) ;
#671 = ORIENTED_EDGE ( 'NONE', *, *, #1179, .T. ) ;
#672 = CARTESIAN_POINT ( 'NONE',  ( 4.776122516674677286E-16, 25.49071072270785621, 3.899999999999999911 ) ) ;
#673 = CARTESIAN_POINT ( 'NONE',  ( 0.000000000000000000, 30.00000000000000000, 0.000000000000000000 ) ) ;
#674 = CARTESIAN_POINT ( 'NONE',  ( -5.212524217172393115, 35.23077107434340860, 3.843298089032976428 ) ) ;
#675 = EDGE_CURVE ( 'NONE', #1101, #374, #603, .T. ) ;
#676 = CARTESIAN_POINT ( 'NONE',  ( 1.250000000000000222, 17.83616530120129440, 3.694252292413174654 ) ) ;
#677 = CARTESIAN_POINT ( 'NONE',  ( 3.430500112630979537, 27.72570435039610004, 4.798001052056735105 ) ) ;
#678 = FILL_AREA_STYLE_COLOUR ( '', #1437 ) ;
#679 = ORIENTED_EDGE ( 'NONE', *, *, #703, .F. ) ;
#680 = B_SPLINE_CURVE_WITH_KNOTS ( 'NONE', 3,
 ( #1089, #867, #1168, #965, #721, #1297, #1071, #1403, #633, #1411, #982, #1315, #522, #743, #67, #1291, #303, #277, #85, #189, #843, #642, #74, #619, #172, #974, #1192, #1176, #60, #410 ),
 .UNSPECIFIED., .F., .F.,
 ( 4, 2, 2, 2, 1, 1, 1, 1, 2, 2, 2, 2, 1, 1, 2, 2, 2, 4 ),
 ( 0.000000000000000000, 0.06249999999997232769, 0.09374999999995835276, 0.1093749999999512196, 0.1171874999999477640, 0.1210937499999462097, 0.1230468749999456407, 0.1240234374999451272, 0.1245117187499450301, 0.1249999999999449329, 0.1874999999999576172, 0.2187499999999638900, 0.2343749999999669154, 0.2421874999999683864, 0.2460937499999689138, 0.2499999999999694134, 0.3749999999999847344, 0.5000000000000000000 ),
 .UNSPECIFIED. ) ;
#681 = CARTESIAN_POINT ( 'NONE',  ( -5.111404797816645917, 24.01014344689095381, -3.621714156520198014 ) ) ;
#682 =( LENGTH_UNIT ( ) NAMED_UNIT ( * ) SI_UNIT ( .MILLI., .METRE. ) );
#683 = EDGE_CURVE ( 'NONE', #979, #781, #745, .T. ) ;
#684 = LINE ( 'NONE', #658, #663 ) ;
#685 = CARTESIAN_POINT ( 'NONE',  ( 3.573699114119389897, 26.45705168168744237, -4.907914266351703247 ) ) ;
#686 = CARTESIAN_POINT ( 'NONE',  ( 1.092063342753633037, 10.37021414769951910, 5.900124565142455424 ) ) ;
#687 = LINE ( 'NONE', #1048, #1375 ) ;
#688 = DIRECTION ( 'NONE',  ( -0.000000000000000000, -1.000000000000000000, -0.000000000000000000 ) ) ;
#689 = CARTESIAN_POINT ( 'NONE',  ( 1.419298105311234126, 25.86835163975744578, -5.829716890540955099 ) ) ;
#690 = CYLINDRICAL_SURFACE ( 'NONE', #1224, 1.250000000000000222 ) ;
#691 = CARTESIAN_POINT ( 'NONE',  ( 5.929917896300344715, 27.20480335839968333, -1.118634349721863819 ) ) ;
#692 = CARTESIAN_POINT ( 'NONE',  ( 1.217305662827485202, 10.67228138961569606, 5.875562879591348597 ) ) ;
#693 = VERTEX_POINT ( 'NONE', #1348 ) ;
#694 = CYLINDRICAL_SURFACE ( 'NONE', #859, 1.250000000000000444 ) ;
#695 = CARTESIAN_POINT ( 'NONE',  ( 2.668028833339933570, 26.20695095121473273, -5.374276273661243053 ) ) ;
#696 = DIRECTION ( 'NONE',  ( 0.4119559801919229769, -0.9112037480081565111, -0.000000000000000000 ) ) ;
#697 = CARTESIAN_POINT ( 'NONE',  ( 5.600416866036705521, 29.08715206475500636, -0.7853981597613397536 ) ) ;
#698 = ORIENTED_EDGE ( 'NONE', *, *, #661, .T. ) ;
#699 = CARTESIAN_POINT ( 'NONE',  ( 2.252397981115039638, 26.09307599407922496, -5.562426338986844243 ) ) ;
#700 = CARTESIAN_POINT ( 'NONE',  ( -5.965395697663884000, 22.70156456585837290, 0.000000000000000000 ) ) ;
#701 = CARTESIAN_POINT ( 'NONE',  ( 0.9663250574775709145, 25.74696263655902939, 6.000000000000001776 ) ) ;
#702 = ORIENTED_EDGE ( 'NONE', *, *, #978, .T. ) ;
#703 = EDGE_CURVE ( 'NONE', #1145, #474, #684, .T. ) ;
#704 = CARTESIAN_POINT ( 'NONE',  ( 5.699810567643010195, 27.12202971509482907, -1.874897249190024207 ) ) ;
#705 = CARTESIAN_POINT ( 'NONE',  ( -3.716776098154849883, 33.41653906027211463, 3.899150723344088298 ) ) ;
#706 = VECTOR ( 'NONE', #214, 1000.000000000000000 ) ;
#707 = CARTESIAN_POINT ( 'NONE',  ( -9.667383722686926362, 36.48436991751113112, 0.000000000000000000 ) ) ;
#708 = CARTESIAN_POINT ( 'NONE',  ( 1.216854249389317078, 18.32912466280360775, 3.705880583975692755 ) ) ;
#709 = ORIENTED_EDGE ( 'NONE', *, *, #1136, .T. ) ;
#710 = CARTESIAN_POINT ( 'NONE',  ( 5.438476460368720566, 27.03110086561540371, -2.540878231991860581 ) ) ;
#711 = CARTESIAN_POINT ( 'NONE',  ( -3.922360168141060921, 24.34366034047818061, 4.798001052056541482 ) ) ;
#712 = EDGE_CURVE ( 'NONE', #586, #1280, #319, .T. ) ;
#713 = FACE_OUTER_BOUND ( 'NONE', #34, .T. ) ;
#714 = CARTESIAN_POINT ( 'NONE',  ( -2.272569731923456793, 24.82155238148778054, -5.606240796108668434 ) ) ;
#715 = VECTOR ( 'NONE', #688, 1000.000000000000000 ) ;
#716 = CARTESIAN_POINT ( 'NONE',  ( -5.767383722686926895, 38.24756319482205669, 0.000000000000000000 ) ) ;
#717 = ORIENTED_EDGE ( 'NONE', *, *, #827, .F. ) ;
#718 = PRODUCT_DEFINITION_SHAPE ( 'NONE', 'NONE',  #668 ) ;
#719 = CARTESIAN_POINT ( 'NONE',  ( 2.362551177348104048, 26.12298808730137978, 5.520315724879695907 ) ) ;
#720 = CARTESIAN_POINT ( 'NONE',  ( -5.189769214817625098, 22.29903041501865957, -3.117334580024028412 ) ) ;
#721 = CARTESIAN_POINT ( 'NONE',  ( 1.606718915248875446, 26.53911594929563122, 5.748229636672022913 ) ) ;
#722 = ADVANCED_FACE ( 'NONE', ( #448 ), #1219, .T. ) ;
#723 = DIRECTION ( 'NONE',  ( -1.000000000000000000, 0.000000000000000000, 0.000000000000000000 ) ) ;
#724 = CARTESIAN_POINT ( 'NONE',  ( -0.9444482813781661656, 24.90859188236013821, 5.937335143222579603 ) ) ;
#725 = VERTEX_POINT ( 'NONE', #571 ) ;
#726 = CARTESIAN_POINT ( 'NONE',  ( 4.952740290317330540, 26.87253773503709198, 3.389226964521550478 ) ) ;
#727 = CARTESIAN_POINT ( 'NONE',  ( -4.746496388537742916, 33.50923025968960189, 3.788660394122771891 ) ) ;
#728 = DIRECTION ( 'NONE',  ( 0.000000000000000000, -0.000000000000000000, 1.000000000000000000 ) ) ;
#729 = VECTOR ( 'NONE', #1102, 1000.000000000000000 ) ;
#730 = CARTESIAN_POINT ( 'NONE',  ( -1.217198997790617465, 17.67171568649557400, 5.875587628456814038 ) ) ;
#731 = CARTESIAN_POINT ( 'NONE',  ( -2.745647841535382661, 32.78034070677315270, -5.982596506583615081 ) ) ;
#732 = CARTESIAN_POINT ( 'NONE',  ( -2.946275480506758804, 32.33746476156320426, -3.899370429409456662 ) ) ;
#733 = ORIENTED_EDGE ( 'NONE', *, *, #178, .T. ) ;
#734 = CARTESIAN_POINT ( 'NONE',  ( -3.899999999999996358, 23.72751744539692353, 7.799999999999999822 ) ) ;
#735 = CARTESIAN_POINT ( 'NONE',  ( -4.885683061213124567, 33.60167130392959223, 3.766842001086818215 ) ) ;
#736 = CARTESIAN_POINT ( 'NONE',  ( -1.250000000000000444, 18.16557903832051579, 5.868347297152753050 ) ) ;
#737 = CARTESIAN_POINT ( 'NONE',  ( -4.519786830679045408, 24.17561253504811347, 4.238881227054962508 ) ) ;
#738 = CARTESIAN_POINT ( 'NONE',  ( 4.776122516674677286E-16, 5.999999999999998224, 3.899999999999999911 ) ) ;
#739 = CARTESIAN_POINT ( 'NONE',  ( 4.057852611551906463, 28.12714713154741730, -4.123628964649274309 ) ) ;
#740 = EDGE_LOOP ( 'NONE', ( #748, #103, #79, #1303 ) ) ;
#741 = CARTESIAN_POINT ( 'NONE',  ( -6.903832097224815365E-15, 25.49071072270786686, 6.000000000000000888 ) ) ;
#742 = PLANE ( 'NONE',  #765 ) ;
#743 = CARTESIAN_POINT ( 'NONE',  ( 2.131915760274419203, 26.88188606032183614, 5.544839234506927284 ) ) ;
#744 = B_SPLINE_CURVE_WITH_KNOTS ( 'NONE', 3,
 ( #505, #957, #391, #1201, #418, #158, #1421, #1307, #736, #1184 ),
 .UNSPECIFIED., .F., .F.,
 ( 4, 2, 2, 2, 4 ),
 ( 0.005878274829216666858, 0.006367853318386795802, 0.006857431807556923879, 0.007347010296727051956, 0.007836588785897180900 ),
 .UNSPECIFIED. ) ;
#745 = LINE ( 'NONE', #1422, #782 ) ;
#746 = CARTESIAN_POINT ( 'NONE',  ( -0.5041938707903135253, 25.17889898852782338, 6.000000000000001776 ) ) ;
#747 = CARTESIAN_POINT ( 'NONE',  ( -5.266221661282438404, 38.47413898392761666, -3.867665521759708458 ) ) ;
#748 = ORIENTED_EDGE ( 'NONE', *, *, #502, .F. ) ;
#749 = CARTESIAN_POINT ( 'NONE',  ( 3.900000000000000355, 27.25390400001877467, 7.800000000000000711 ) ) ;
#750 = CARTESIAN_POINT ( 'NONE',  ( 7.348378630075893108E-16, 19.25000000000000000, 6.000000000000000888 ) ) ;
#751 = EDGE_CURVE ( 'NONE', #1227, #1391, #817, .T. ) ;
#752 = CYLINDRICAL_SURFACE ( 'NONE', #127, 6.000000000000000888 ) ;
#753 = CARTESIAN_POINT ( 'NONE',  ( -0.9984016805779215575, 10.23061933824257608, 3.771873914653166349 ) ) ;
#754 = CARTESIAN_POINT ( 'NONE',  ( -2.442699177513235842, 24.77192752821480681, 5.542503654441720329 ) ) ;
#755 = CARTESIAN_POINT ( 'NONE',  ( -5.693357819995599201, 21.99376587806362693, -1.896356257128572587 ) ) ;
#756 = CARTESIAN_POINT ( 'NONE',  ( 2.147052242700664415, 26.89174191471235176, -5.538086724293310503 ) ) ;
#757 = ORIENTED_EDGE ( 'NONE', *, *, #1090, .T. ) ;
#758 = DIRECTION ( 'NONE',  ( 0.000000000000000000, 0.000000000000000000, -1.000000000000000000 ) ) ;
#759 = DIRECTION ( 'NONE',  ( 0.000000000000000000, 0.000000000000000000, -1.000000000000000000 ) ) ;
#760 = CARTESIAN_POINT ( 'NONE',  ( -1.250000000000000222, 18.16642226820266615, 3.694252292413174210 ) ) ;
#761 = CARTESIAN_POINT ( 'NONE',  ( -1.250000000000000444, 18.00000000000000000, 5.868347297152751274 ) ) ;
#762 = CARTESIAN_POINT ( 'NONE',  ( -2.696832856741845141, 23.82566599759724113, -5.360722599208080474 ) ) ;
#763 = CARTESIAN_POINT ( 'NONE',  ( 4.835675969052340761, 28.61763800183487305, -3.037363543084014683 ) ) ;
#764 = ORIENTED_EDGE ( 'NONE', *, *, #442, .T. ) ;
#765 = AXIS2_PLACEMENT_3D ( 'NONE', #1222, #546, #317 ) ;
#766 = CARTESIAN_POINT ( 'NONE',  ( -5.875697765976595655, 23.80164091775379376, -2.369036474600310971 ) ) ;
#767 = CARTESIAN_POINT ( 'NONE',  ( 0.4045049060655279138, 12.18560396233433707, 3.879722123798304612 ) ) ;
#768 = CARTESIAN_POINT ( 'NONE',  ( -5.266221661282438404, 38.47413898392761666, -3.867665521759708902 ) ) ;
#769 =( BOUNDED_CURVE ( )  B_SPLINE_CURVE ( 3, ( #508, #969, #534, #960 ),
 .UNSPECIFIED., .F., .T. ) 
 B_SPLINE_CURVE_WITH_KNOTS ( ( 4, 4 ),
 ( 4.796013421488853012, 6.283185307179586232 ),
 .UNSPECIFIED. ) 
 CURVE ( )  GEOMETRIC_REPRESENTATION_ITEM ( )  RATIONAL_B_SPLINE_CURVE ( ( 1.000000000000000000, 0.8240305720172473869, 0.8240305720172473869, 1.000000000000000000 ) ) 
 REPRESENTATION_ITEM ( '' )  );
#770 = EDGE_CURVE ( 'NONE', #374, #117, #1339, .T. ) ;
#771 = CARTESIAN_POINT ( 'NONE',  ( 7.347880794884120722E-16, 30.00000000000000000, 6.000000000000000888 ) ) ;
#772 = CARTESIAN_POINT ( 'NONE',  ( -2.195999541224397333, 24.13398384896798632, 5.583699484888669851 ) ) ;
#773 = CARTESIAN_POINT ( 'NONE',  ( 0.4032934008118332359, 9.814003437775825844, 5.986913696155245823 ) ) ;
#774 = VERTEX_POINT ( 'NONE', #457 ) ;
#775 = FACE_OUTER_BOUND ( 'NONE', #252, .T. ) ;
#776 = CARTESIAN_POINT ( 'NONE',  ( 1.123062069197585888, 11.55486116796028107, 3.734943490933411159 ) ) ;
#777 = CARTESIAN_POINT ( 'NONE',  ( -5.211852759399085322, 35.23189996531562684, 5.963386242088547284 ) ) ;
#778 = LINE ( 'NONE', #1439, #212 ) ;
#779 = CARTESIAN_POINT ( 'NONE',  ( -5.518856005981430002, 22.09942672476870129, -2.354314284414825043 ) ) ;
#780 = CARTESIAN_POINT ( 'NONE',  ( 2.448819159924720162E-13, 12.25000000000239631, 3.900000000000768186 ) ) ;
#781 = VERTEX_POINT ( 'NONE', #914 ) ;
#782 = VECTOR ( 'NONE', #991, 1000.000000000000000 ) ;
#783 = EDGE_CURVE ( 'NONE', #803, #725, #1008, .T. ) ;
#784 = LINE ( 'NONE', #183, #1247 ) ;
#785 = CARTESIAN_POINT ( 'NONE',  ( -3.179072446635045512, 35.43021906627921425, 3.744249441958207303 ) ) ;
#786 = CARTESIAN_POINT ( 'NONE',  ( 1.250000000000000000, 11.00000000000000000, 3.694252292413175098 ) ) ;
#787 = CARTESIAN_POINT ( 'NONE',  ( -4.412177613097594708, 22.77320186128623547, -4.068309152877326973 ) ) ;
#788 = CARTESIAN_POINT ( 'NONE',  ( -1.091477110013957974, 10.36911038284726061, 5.900235681581952996 ) ) ;
#789 = EDGE_LOOP ( 'NONE', ( #970, #123, #436, #247, #406, #1138 ) ) ;
#790 = EDGE_CURVE ( 'NONE', #493, #1019, #140, .T. ) ;
#791 = CARTESIAN_POINT ( 'NONE',  ( -3.469480832702958928, 35.71965878997524158, 3.781854524408122753 ) ) ;
#792 = CARTESIAN_POINT ( 'NONE',  ( -5.266221661282438404, 38.47413898392761666, 0.000000000000000000 ) ) ;
#793 = CARTESIAN_POINT ( 'NONE',  ( -2.228229937668825045, 24.11410568642558161, -5.570906774268403971 ) ) ;
#794 = B_SPLINE_CURVE_WITH_KNOTS ( 'NONE', 3,
 ( #1073, #1293, #42, #160, #515, #265, #1399, #486, #1300, #296 ),
 .UNSPECIFIED., .F., .F.,
 ( 4, 2, 2, 2, 4 ),
 ( 4.336808689942017255E-19, 0.0003719386105372085062, 0.0007438772210744165787, 0.001115815831611624651, 0.001487754442148832724 ),
 .UNSPECIFIED. ) ;
#795 =( NAMED_UNIT ( * ) SI_UNIT ( $, .STERADIAN. ) SOLID_ANGLE_UNIT ( ) );
#796 = ORIENTED_EDGE ( 'NONE', *, *, #11, .T. ) ;
#797 = ORIENTED_EDGE ( 'NONE', *, *, #770, .F. ) ;
#798 = FACE_OUTER_BOUND ( 'NONE', #789, .T. ) ;
#799 = CARTESIAN_POINT ( 'NONE',  ( 6.000000000000001776, 27.23334803886902478, -0.5613535045872282137 ) ) ;
#800 = CARTESIAN_POINT ( 'NONE',  ( 1.091513453146951695, 10.36933254325307807, 3.744716720308474578 ) ) ;
#801 = CARTESIAN_POINT ( 'NONE',  ( 0.8477053662027738135, 25.85718630726494283, 6.000000000002617462 ) ) ;
#802 = ORIENTED_EDGE ( 'NONE', *, *, #260, .T. ) ;
#803 = VERTEX_POINT ( 'NONE', #1447 ) ;
#804 = STYLED_ITEM ( 'NONE', ( #240 ), #570 ) ;
#805 = CARTESIAN_POINT ( 'NONE',  ( 2.584194694266647385, 26.18386851684547523, -5.415438896765832233 ) ) ;
#806 = CARTESIAN_POINT ( 'NONE',  ( -1.250000000000000444, 18.00000000000000000, 6.022500000000000853 ) ) ;
#807 = B_SPLINE_CURVE_WITH_KNOTS ( 'NONE', 3,
 ( #1137, #321, #459, #564, #773, #1449, #208, #226, #686, #692, #2, #1109 ),
 .UNSPECIFIED., .F., .F.,
 ( 4, 2, 2, 2, 2, 4 ),
 ( 0.001959892196451448396, 0.002204756571648844136, 0.002449620946846240311, 0.002939349697241032226, 0.003429078447635824575, 0.003918807198030616924 ),
 .UNSPECIFIED. ) ;
#808 = CARTESIAN_POINT ( 'NONE',  ( -2.223929379463050360, 24.11675704515801755, -5.572624343103494304 ) ) ;
#809 = CARTESIAN_POINT ( 'NONE',  ( -6.399583133963297144, 23.66194198072138377, 5.312590645178971727E-15 ) ) ;
#810 = VERTEX_POINT ( 'NONE', #238 ) ;
#811 = ORIENTED_EDGE ( 'NONE', *, *, #1392, .F. ) ;
#812 = CARTESIAN_POINT ( 'NONE',  ( 0.000000000000000000, 28.20331576472465684, -3.899999999999999911 ) ) ;
#813 = CARTESIAN_POINT ( 'NONE',  ( 1.424111050886109231, 25.86964073889146221, -5.828543029809645226 ) ) ;
#814 = CARTESIAN_POINT ( 'NONE',  ( -2.869559801919232989, 34.60274820278945640, 5.909554597448048341 ) ) ;
#815 = CARTESIAN_POINT ( 'NONE',  ( 3.230345329760039963, 26.89822379549428888, 5.141600767150762863 ) ) ;
#816 = ORIENTED_EDGE ( 'NONE', *, *, #966, .T. ) ;
#817 =( BOUNDED_CURVE ( )  B_SPLINE_CURVE ( 3, ( #15, #1001, #1455, #334 ),
 .UNSPECIFIED., .F., .T. ) 
 B_SPLINE_CURVE_WITH_KNOTS ( ( 4, 4 ),
 ( 0.000000000000000000, 3.141592653589793116 ),
 .UNSPECIFIED. ) 
 CURVE ( )  GEOMETRIC_REPRESENTATION_ITEM ( )  RATIONAL_B_SPLINE_CURVE ( ( 1.000000000000000000, 0.3333333333333333703, 0.3333333333333333703, 1.000000000000000000 ) ) 
 REPRESENTATION_ITEM ( '' )  );
#818 = ORIENTED_EDGE ( 'NONE', *, *, #351, .T. ) ;
#819 = CARTESIAN_POINT ( 'NONE',  ( 1.070673721270152257, 25.77507866626172373, -5.904535757357966652 ) ) ;
#820 = B_SPLINE_CURVE_WITH_KNOTS ( 'NONE', 3,
 ( #142, #383, #284, #400, #1282, #735, #727, #1044, #1175, #1183, #963, #856, #705, #1154, #882, #1322, #90, #1200, #552, #424 ),
 .UNSPECIFIED., .F., .F.,
 ( 4, 2, 2, 2, 2, 2, 2, 2, 2, 4 ),
 ( 0.000000000000000000, 0.0004908780852475379090, 0.0009817561704950758181, 0.001472634255742613727, 0.001963512340990151636, 0.002208951383613919506, 0.002454390426237688244, 0.002945268511485224852, 0.003436146596732761460, 0.003927024681980298068 ),
 .UNSPECIFIED. ) ;
#821 = PRODUCT_DEFINITION_CONTEXT ( 'detailed design', #326, 'design' ) ;
#822 = DIRECTION ( 'NONE',  ( 0.000000000000000000, -1.000000000000000000, -0.000000000000000000 ) ) ;
#823 = CARTESIAN_POINT ( 'NONE',  ( 1.217060367886767969, 18.32835471450801279, 5.875611536429122594 ) ) ;
#824 = CARTESIAN_POINT ( 'NONE',  ( 6.034604302336119552, 28.12677464989198839, 6.063858597689163861E-15 ) ) ;
#825 = ORIENTED_EDGE ( 'NONE', *, *, #351, .F. ) ;
#826 = ORIENTED_EDGE ( 'NONE', *, *, #712, .T. ) ;
#827 = EDGE_CURVE ( 'NONE', #322, #1280, #778, .T. ) ;
#828 = CARTESIAN_POINT ( 'NONE',  ( -0.6303106178099272539, 12.09165491807711135, 3.851707433051416718 ) ) ;
#829 = CARTESIAN_POINT ( 'NONE',  ( -3.212826679098972793, 24.54731295881865805, 5.242718331309999868 ) ) ;
#830 = AXIS2_PLACEMENT_3D ( 'NONE', #47, #1419, #152 ) ;
#831 = CARTESIAN_POINT ( 'NONE',  ( 0.2326162773130749928, 40.96016823683886798, 7.347880794884120722E-16 ) ) ;
#832 = DIRECTION ( 'NONE',  ( -0.000000000000000000, -1.000000000000000000, -0.000000000000000000 ) ) ;
#833 = DIRECTION ( 'NONE',  ( 0.000000000000000000, 0.000000000000000000, -1.000000000000000000 ) ) ;
#834 = VERTEX_POINT ( 'NONE', #548 ) ;
#835 = ADVANCED_FACE ( 'NONE', ( #1114 ), #690, .F. ) ;
#836 = CARTESIAN_POINT ( 'NONE',  ( 5.749520712005376843, 27.13986303241569331, 1.715646180974181201 ) ) ;
#837 = CARTESIAN_POINT ( 'NONE',  ( -0.8345813476578969325, 25.24406124814065322, 6.000000000000001776 ) ) ;
#838 = CARTESIAN_POINT ( 'NONE',  ( 0.3260120586329411374, 16.79049398426165496, 3.887180439034429114 ) ) ;
#839 = CARTESIAN_POINT ( 'NONE',  ( -2.412638783515282714, 24.78069480294419691, -5.554142365315089869 ) ) ;
#840 = DIRECTION ( 'NONE',  ( 0.4119559801919238096, -0.9112037480081561780, 0.000000000000000000 ) ) ;
#841 = ORIENTED_EDGE ( 'NONE', *, *, #35, .T. ) ;
#842 = CARTESIAN_POINT ( 'NONE',  ( -6.399583133962330805, 23.66194198071925214, 0.7853981597619345001 ) ) ;
#843 = CARTESIAN_POINT ( 'NONE',  ( 3.738271476651577441, 27.92241987259072289, 4.458781406148346171 ) ) ;
#844 = CARTESIAN_POINT ( 'NONE',  ( -4.653657573514692558, 24.13800515382284217, 4.110153015758077899 ) ) ;
#845 = PLANE ( 'NONE',  #544 ) ;
#846 = ORIENTED_EDGE ( 'NONE', *, *, #260, .F. ) ;
#847 = CARTESIAN_POINT ( 'NONE',  ( 5.815736736680335639, 27.16385755565579174, 1.478940660944634944 ) ) ;
#848 = CARTESIAN_POINT ( 'NONE',  ( -1.591752605408068399, 24.77590061161489743, -5.839406506294245069 ) ) ;
#849 = FACE_OUTER_BOUND ( 'NONE', #1165, .T. ) ;
#850 = VECTOR ( 'NONE', #114, 1000.000000000000000 ) ;
#851 = CARTESIAN_POINT ( 'NONE',  ( -6.238490557573189932, 23.70439703316531066, 1.346266002700150510 ) ) ;
#852 = DIRECTION ( 'NONE',  ( 0.000000000000000000, 0.000000000000000000, -1.000000000000000000 ) ) ;
#853 = CARTESIAN_POINT ( 'NONE',  ( 5.600416866036704633, 29.08715206475500636, 6.067695381803994346E-15 ) ) ;
#854 = VERTEX_POINT ( 'NONE', #554 ) ;
#855 = CARTESIAN_POINT ( 'NONE',  ( 2.844628581993882577, 26.25573117822170488, 5.282964300851224593 ) ) ;
#856 = CARTESIAN_POINT ( 'NONE',  ( -3.795031884665690747, 33.39284769172070355, 3.896301468813577973 ) ) ;
#857 = CARTESIAN_POINT ( 'NONE',  ( -0.7692465117612736769, 10.00149495614182271, 3.825192615799227980 ) ) ;
#858 = CARTESIAN_POINT ( 'NONE',  ( -1.091477110013959750, 17.36911038284726061, 5.900235681581950331 ) ) ;
#859 = AXIS2_PLACEMENT_3D ( 'NONE', #919, #1132, #13 ) ;
#860 = DIRECTION ( 'NONE',  ( 0.000000000000000000, 0.000000000000000000, -1.000000000000000000 ) ) ;
#861 = CARTESIAN_POINT ( 'NONE',  ( 8.654371120417580411E-13, 16.74999999999222666, 6.000000000001619149 ) ) ;
#862 = EDGE_CURVE ( 'NONE', #810, #1351, #1333, .T. ) ;
#863 = ORIENTED_EDGE ( 'NONE', *, *, #295, .T. ) ;
#864 = CARTESIAN_POINT ( 'NONE',  ( 3.269057179179088557, 26.37408781448668904, 5.032565627443051248 ) ) ;
#865 = CARTESIAN_POINT ( 'NONE',  ( 0.4045049060655280249, 19.18560396233434417, 3.879722123798305500 ) ) ;
#866 = CARTESIAN_POINT ( 'NONE',  ( 0.9934469491358833837, 11.76299594538625293, 3.771639195363006181 ) ) ;
#867 = CARTESIAN_POINT ( 'NONE',  ( 0.4874742257764412834, 25.80909214189507139, 6.000000000000001776 ) ) ;
#868 = CARTESIAN_POINT ( 'NONE',  ( -4.710608277928616694, 24.12204804504307987, 4.052478147017694710 ) ) ;
#869 = CARTESIAN_POINT ( 'NONE',  ( -3.826542334263449696, 23.13168370047458566, 4.622339986240620036 ) ) ;
#870 = DIRECTION ( 'NONE',  ( 0.000000000000000000, 0.000000000000000000, -1.000000000000000000 ) ) ;
#871 = ORIENTED_EDGE ( 'NONE', *, *, #151, .T. ) ;
#872 = CARTESIAN_POINT ( 'NONE',  ( -2.163363957503757984, 24.85342544812813514, -5.644669913893953783 ) ) ;
#873 = CARTESIAN_POINT ( 'NONE',  ( 0.000000000000000000, 30.00000000000000000, 0.000000000000000000 ) ) ;
#874 = CARTESIAN_POINT ( 'NONE',  ( -1.249999999999999778, 10.83366302423964811, 3.694252292413174654 ) ) ;
#875 = LINE ( 'NONE', #627, #280 ) ;
#876 = CARTESIAN_POINT ( 'NONE',  ( -3.459041498381403290, 23.35737873858334268, 4.906358817613961421 ) ) ;
#877 = CARTESIAN_POINT ( 'NONE',  ( -3.744969845452244872, 32.43910010649605624, -3.867665521759708902 ) ) ;
#878 = ORIENTED_EDGE ( 'NONE', *, *, #113, .F. ) ;
#879 = B_SPLINE_CURVE_WITH_KNOTS ( 'NONE', 3,
 ( #809, #1254, #1185, #851, #86, #1308, #419, #304, #411, #634, #278, #200, #1209, #1430, #644, #651, #68, #1091, #868, #844, #402, #1082, #1193, #1065, #737, #76, #967, #524, #61, #620, #497, #506, #958, #173, #983, #1098, #952, #1202, #754, #1072, #1405, #532, #392, #1177 ),
 .UNSPECIFIED., .F., .F.,
 ( 4, 2, 2, 1, 1, 1, 2, 2, 2, 2, 2, 1, 1, 1, 2, 2, 2, 2, 2, 1, 1, 1, 1, 2, 2, 2, 4 ),
 ( 0.5000000000000000000, 0.5624999999999936717, 0.5937499999999905631, 0.6093749999999888978, 0.6171874999999881206, 0.6210937499999877875, 0.6230468749999875655, 0.6249999999999873435, 0.6874999999999814593, 0.7187499999999785727, 0.7343749999999771294, 0.7421874999999764633, 0.7460937499999761302, 0.7480468749999757971, 0.7490234374999757971, 0.7499999999999756861, 0.8124999999999718003, 0.8437499999999698019, 0.8593749999999688027, 0.8671874999999682476, 0.8710937499999681366, 0.8730468749999680256, 0.8740234374999680256, 0.8745117187499681366, 0.8749999999999682476, 0.9374999999999841238, 1.000000000000000000 ),
 .UNSPECIFIED. ) ;
#880 = CARTESIAN_POINT ( 'NONE',  ( -5.703632455719319871, 23.84810729838826404, -2.713303564562775438 ) ) ;
#881 = EDGE_CURVE ( 'NONE', #1266, #315, #477, .T. ) ;
#882 = CARTESIAN_POINT ( 'NONE',  ( -3.349454271696646224, 33.60452917982216547, 3.893550452382006810 ) ) ;
#883 = CARTESIAN_POINT ( 'NONE',  ( -3.225651047986153319, 39.39668267296408999, -3.603253677134710564 ) ) ;
#884 = DIRECTION ( 'NONE',  ( -1.000000000000000000, 0.000000000000000000, 0.000000000000000000 ) ) ;
#885 = CARTESIAN_POINT ( 'NONE',  ( -2.234371392073598361, 24.11031958103227879, -5.568446410355073262 ) ) ;
#886 = CARTESIAN_POINT ( 'NONE',  ( 3.980534727408721718, 28.07775538903251089, -4.208960875738132046 ) ) ;
#887 = ORIENTED_EDGE ( 'NONE', *, *, #683, .F. ) ;
#888 = CARTESIAN_POINT ( 'NONE',  ( 3.900000000000000355, 27.25390400001877822, 4.776122516674677286E-16 ) ) ;
#889 = FACE_OUTER_BOUND ( 'NONE', #1150, .T. ) ;
#890 = CARTESIAN_POINT ( 'NONE',  ( -4.888379383194045857, 35.60173724487072633, 5.995835075390961499 ) ) ;
#891 = CARTESIAN_POINT ( 'NONE',  ( 0.4041460983590487999, 9.814271046148869360, 3.879760370195421526 ) ) ;
#892 = CARTESIAN_POINT ( 'NONE',  ( -2.209095640901289848, 24.12590438599157139, 5.578523508307199563 ) ) ;
#893 = CARTESIAN_POINT ( 'NONE',  ( -0.9985639593326457453, 10.23070172656180965, 5.917465611276684356 ) ) ;
#894 = VERTEX_POINT ( 'NONE', #256 ) ;
#895 = CARTESIAN_POINT ( 'NONE',  ( 4.776122516674677286E-16, 25.49071072270785621, 3.899999999999999911 ) ) ;
#896 = CARTESIAN_POINT ( 'NONE',  ( -3.120344112736251674, 35.37134609279393516, 5.895132265272980732 ) ) ;
#897 = CARTESIAN_POINT ( 'NONE',  ( -6.268545784091415385, 38.02098740571650382, -5.979033081377691516 ) ) ;
#898 = CARTESIAN_POINT ( 'NONE',  ( -4.126950811956111131, 22.94750870847709123, 4.355272302646795879 ) ) ;
#899 = EDGE_CURVE ( 'NONE', #1391, #834, #358, .T. ) ;
#900 = CARTESIAN_POINT ( 'NONE',  ( -9.431058826898556344E-15, 25.49071072270786331, -6.000000000000000888 ) ) ;
#901 = EDGE_LOOP ( 'NONE', ( #57, #451, #662, #1426, #987 ) ) ;
#902 = AXIS2_PLACEMENT_3D ( 'NONE', #498, #1194, #860 ) ;
#903 = APPLICATION_PROTOCOL_DEFINITION ( 'draft international standard', 'automotive_design', 1998, #223 ) ;
#904 = CARTESIAN_POINT ( 'NONE',  ( -0.3296838682560209732, 19.21668010672387439, 3.888990893761415268 ) ) ;
#905 = CARTESIAN_POINT ( 'NONE',  ( 3.900000000000001243, 27.25390400001877822, 4.776122516674677286E-16 ) ) ;
#906 = CARTESIAN_POINT ( 'NONE',  ( 1.460260449830748319, 26.44453969393948967, -5.843836058825392143 ) ) ;
#907 =( NAMED_UNIT ( * ) PLANE_ANGLE_UNIT ( ) SI_UNIT ( $, .RADIAN. ) );
#908 = ORIENTED_EDGE ( 'NONE', *, *, #75, .T. ) ;
#909 = EDGE_CURVE ( 'NONE', #1227, #209, #244, .T. ) ;
#910 = VECTOR ( 'NONE', #632, 1000.000000000000000 ) ;
#911 = CARTESIAN_POINT ( 'NONE',  ( -5.841672881647427040, 23.81080929997724738, -2.442022596183603955 ) ) ;
#912 =( NAMED_UNIT ( * ) PLANE_ANGLE_UNIT ( ) SI_UNIT ( $, .RADIAN. ) );
#913 = CARTESIAN_POINT ( 'NONE',  ( 0.9994087821716206577, 11.76827730783270809, 5.917326374836100022 ) ) ;
#914 = CARTESIAN_POINT ( 'NONE',  ( -6.399583133963297144, 23.66194198072138377, 5.312590645178971727E-15 ) ) ;
#915 = CARTESIAN_POINT ( 'NONE',  ( 4.885436583480975870, 28.65121812340285601, -3.021713878963053102 ) ) ;
#916 = FACE_OUTER_BOUND ( 'NONE', #1319, .T. ) ;
#917 = ORIENTED_EDGE ( 'NONE', *, *, #1076, .F. ) ;
#918 = ORIENTED_EDGE ( 'NONE', *, *, #563, .T. ) ;
#919 = CARTESIAN_POINT ( 'NONE',  ( 0.000000000000000000, 18.00000000000000000, 6.022500000000000853 ) ) ;
#920 = CARTESIAN_POINT ( 'NONE',  ( 2.448819159924720162E-13, 12.25000000000239631, 3.900000000000768186 ) ) ;
#921 = CARTESIAN_POINT ( 'NONE',  ( 5.244966385925503793, 26.96260323103102863, 3.024325882713186253 ) ) ;
#922 = ORIENTED_EDGE ( 'NONE', *, *, #675, .T. ) ;
#923 =( BOUNDED_SURFACE ( )  B_SPLINE_SURFACE ( 3, 1, ( 
 ( #1059, #824 ),
 ( #1261, #258 ),
 ( #272, #41 ),
 ( #1170, #55 ) ),
 .UNSPECIFIED., .F., .F., .T. ) 
 B_SPLINE_SURFACE_WITH_KNOTS ( ( 4, 4 ),
 ( 2, 2 ),
 ( 0.000000000000000000, 1.000000000000000000 ),
 ( 0.000000000000000000, 1.000000000000000000 ),
 .UNSPECIFIED. ) 
 GEOMETRIC_REPRESENTATION_ITEM ( )  RATIONAL_B_SPLINE_SURFACE ( (
 ( 1.000000000000000000, 1.000000000000000000),
 ( 0.3333333333333330373, 0.3333333333333330373),
 ( 0.3333333333333330373, 0.3333333333333330373),
 ( 1.000000000000000000, 1.000000000000000000) ) ) 
 REPRESENTATION_ITEM ( '' )  SURFACE ( )  );
#924 = AXIS2_PLACEMENT_3D ( 'NONE', #435, #1357, #329 ) ;
#925 = CARTESIAN_POINT ( 'NONE',  ( 1.412047984486058061, 25.86640976289090332, -5.831480433194142776 ) ) ;
#926 = ADVANCED_FACE ( 'NONE', ( #713, #1360 ), #1404, .F. ) ;
#927 = CARTESIAN_POINT ( 'NONE',  ( 0.2326162773130735495, 40.96016823683886798, 12.00000000000000178 ) ) ;
#928 = CARTESIAN_POINT ( 'NONE',  ( 4.468016009903692520, 28.38978359563603604, -3.687280322180875647 ) ) ;
#929 = ORIENTED_EDGE ( 'NONE', *, *, #1237, .F. ) ;
#930 = CARTESIAN_POINT ( 'NONE',  ( 4.221633327334021857, 26.64863379063454119, -4.268493471013565355 ) ) ;
#931 = CARTESIAN_POINT ( 'NONE',  ( -3.351356681376748803, 33.60297733330052949, 5.995906981392610469 ) ) ;
#932 = CARTESIAN_POINT ( 'NONE',  ( 3.573699114125432619, 26.45705168168185040, 4.907914266348587518 ) ) ;
#933 = ORIENTED_EDGE ( 'NONE', *, *, #1302, .F. ) ;
#934 = EDGE_CURVE ( 'NONE', #360, #774, #1161, .T. ) ;
#935 = VERTEX_POINT ( 'NONE', #1372 ) ;
#936 = CARTESIAN_POINT ( 'NONE',  ( -1.250000000000000000, 11.00000000000000000, 3.694252292413175098 ) ) ;
#937 = UNCERTAINTY_MEASURE_WITH_UNIT (LENGTH_MEASURE( 1.000000000000000082E-05 ), #682, 'distance_accuracy_value', 'NONE');
#938 = CARTESIAN_POINT ( 'NONE',  ( -5.264677135506485861, 23.11551169024508923, -2.984421870557252277 ) ) ;
#939 = CARTESIAN_POINT ( 'NONE',  ( 6.034604302336118664, 28.12677464989199194, 12.00000000000000178 ) ) ;
#940 = CARTESIAN_POINT ( 'NONE',  ( 1.092208466258268729, 18.62939131218509559, 5.900095552813820809 ) ) ;
#941 = CARTESIAN_POINT ( 'NONE',  ( -1.250000000000000000, 11.00000000000000000, 3.694252292413175098 ) ) ;
#942 = EDGE_CURVE ( 'NONE', #1101, #422, #490, .T. ) ;
#943 = CARTESIAN_POINT ( 'NONE',  ( 3.557126488880812065, 26.45545382117340338, 4.837422628131314184 ) ) ;
#944 = CARTESIAN_POINT ( 'NONE',  ( -1.512738335839348025, 24.55523253193518940, -5.856174083393745455 ) ) ;
#945 = CARTESIAN_POINT ( 'NONE',  ( -3.717155972297132127, 33.41644143779192433, 5.999436314538264980 ) ) ;
#946 = CARTESIAN_POINT ( 'NONE',  ( -9.431058826898556344E-15, 25.49071072270786331, -6.000000000000000888 ) ) ;
#947 = DIRECTION ( 'NONE',  ( -0.9112037480081565111, -0.4119559801919229769, 0.000000000000000000 ) ) ;
#948 = ORIENTED_EDGE ( 'NONE', *, *, #309, .T. ) ;
#949 = CARTESIAN_POINT ( 'NONE',  ( 0.6054184012121640590, 25.65116836508946108, 5.974218719384443155 ) ) ;
#950 = CARTESIAN_POINT ( 'NONE',  ( -1.512738335839458381, 24.55523253193814170, 5.856174083393703711 ) ) ;
#951 = CARTESIAN_POINT ( 'NONE',  ( -2.869559801919232989, 34.60274820278945640, 5.909554597448048341 ) ) ;
#952 = CARTESIAN_POINT ( 'NONE',  ( -2.454373137218318401, 24.76852293467291943, 5.537943055589154007 ) ) ;
#953 = DIRECTION ( 'NONE',  ( -0.000000000000000000, -1.000000000000000000, -0.000000000000000000 ) ) ;
#954 = ORIENTED_EDGE ( 'NONE', *, *, #712, .F. ) ;
#955 = CARTESIAN_POINT ( 'NONE',  ( 5.520462407728857102, 27.05849123339753604, 2.378413001148371730 ) ) ;
#956 = CARTESIAN_POINT ( 'NONE',  ( -6.399583133964263482, 23.66194198072351895, -0.7853981597619131838 ) ) ;
#957 = CARTESIAN_POINT ( 'NONE',  ( -0.1649632520432346983, 19.25000000000000355, 6.000000000000000000 ) ) ;
#958 = CARTESIAN_POINT ( 'NONE',  ( -2.629660286114797962, 24.71744053745545600, 5.466837212247193101 ) ) ;
#959 = FACE_OUTER_BOUND ( 'NONE', #298, .T. ) ;
#960 = CARTESIAN_POINT ( 'NONE',  ( -11.76738372268692778, 35.53495815280525250, 0.000000000000000000 ) ) ;
#961 = ORIENTED_EDGE ( 'NONE', *, *, #1284, .F. ) ;
#962 = CARTESIAN_POINT ( 'NONE',  ( 4.867772458027038063, 26.84584829548716556, 3.508160365935158342 ) ) ;
#963 = CARTESIAN_POINT ( 'NONE',  ( -3.955311240326608857, 33.36089473889926182, 3.886711305000837058 ) ) ;
#964 =( BOUNDED_CURVE ( )  B_SPLINE_CURVE ( 3, ( #1079, #165, #626, #512 ),
 .UNSPECIFIED., .F., .F. ) 
 B_SPLINE_CURVE_WITH_KNOTS ( ( 4, 4 ),
 ( 0.000000000000000000, 1.570796326794896558 ),
 .UNSPECIFIED. ) 
 CURVE ( )  GEOMETRIC_REPRESENTATION_ITEM ( )  RATIONAL_B_SPLINE_CURVE ( ( 1.000000000000000000, 0.8047378541243649375, 0.8047378541243649375, 1.000000000000000000 ) ) 
 REPRESENTATION_ITEM ( '' )  );
#965 = CARTESIAN_POINT ( 'NONE',  ( 1.445900009853682944, 26.43407201038547782, 5.798419121230804052 ) ) ;
#966 = EDGE_CURVE ( 'NONE', #355, #1145, #220, .T. ) ;
#967 = CARTESIAN_POINT ( 'NONE',  ( -3.959848515657047763, 24.33367279107873671, 4.722263183373762274 ) ) ;
#968 = CARTESIAN_POINT ( 'NONE',  ( -6.268545784091415385, 38.02098740571650382, 0.000000000000000000 ) ) ;
#969 = CARTESIAN_POINT ( 'NONE',  ( -9.543017246762689254, 36.54059610578612194, -5.704567152538179364 ) ) ;
#970 = ORIENTED_EDGE ( 'NONE', *, *, #337, .F. ) ;
#971 = CARTESIAN_POINT ( 'NONE',  ( -3.899999999999996358, 23.72751744539692353, 0.000000000000000000 ) ) ;
#972 = CARTESIAN_POINT ( 'NONE',  ( 1.250000000000000444, 18.00000000000000000, 5.868347297152752162 ) ) ;
#973 = DIRECTION ( 'NONE',  ( -1.000000000000000000, 0.000000000000000000, 0.000000000000000000 ) ) ;
#974 = CARTESIAN_POINT ( 'NONE',  ( 4.450955969056058059, 28.37886615077962205, 3.705543287188115098 ) ) ;
#975 = DIRECTION ( 'NONE',  ( -0.000000000000000000, -0.000000000000000000, 1.000000000000000000 ) ) ;
#976 = CARTESIAN_POINT ( 'NONE',  ( -5.578648962158548663, 22.06318626284507189, -2.209820962065287553 ) ) ;
#977 = CARTESIAN_POINT ( 'NONE',  ( 0.08176484973766284803, 16.75000000000008527, 5.999999999999982236 ) ) ;
#978 = EDGE_CURVE ( 'NONE', #1255, #162, #528, .T. ) ;
#979 = VERTEX_POINT ( 'NONE', #484 ) ;
#980 = CARTESIAN_POINT ( 'NONE',  ( -4.458952605944693559, 24.19273149457882255, -4.295252968508062708 ) ) ;
#981 = CARTESIAN_POINT ( 'NONE',  ( -6.268545784091415385, 38.02098740571650382, -3.867665521759708902 ) ) ;
#982 = CARTESIAN_POINT ( 'NONE',  ( 2.110660647822453662, 26.86804275113888352, 5.554238894821730277 ) ) ;
#983 = CARTESIAN_POINT ( 'NONE',  ( -2.488418613699209914, 24.75859559265279941, 5.524524294872064978 ) ) ;
#984 = CARTESIAN_POINT ( 'NONE',  ( -4.287351780102695464, 22.84943139010765023, -4.198007882937841551 ) ) ;
#985 = CARTESIAN_POINT ( 'NONE',  ( 0.4032934008118334579, 16.81400343777582762, 5.986913696155245823 ) ) ;
#986 = ADVANCED_FACE ( 'NONE', ( #370 ), #605, .F. ) ;
#987 = ORIENTED_EDGE ( 'NONE', *, *, #909, .F. ) ;
#988 = CARTESIAN_POINT ( 'NONE',  ( 1.123062069197587665, 18.55486116796028284, 3.734943490933410715 ) ) ;
#989 = CARTESIAN_POINT ( 'NONE',  ( 0.000000000000000000, 11.00000000000000000, 6.022500000000000853 ) ) ;
#990 = CARTESIAN_POINT ( 'NONE',  ( -3.293610306296250734, 35.54454229291056322, 5.909361712481647544 ) ) ;
#991 = DIRECTION ( 'NONE',  ( 0.4119559801919229769, -0.9112037480081565111, -0.000000000000000000 ) ) ;
#992 = AXIS2_PLACEMENT_3D ( 'NONE', #380, #852, #492 ) ;
#993 = CARTESIAN_POINT ( 'NONE',  ( -4.832849093954941999, 22.51679745452111447, -3.561339189966818530 ) ) ;
#994 = CARTESIAN_POINT ( 'NONE',  ( -2.788917570174163085, 32.53250087627269949, -3.887548986299778964 ) ) ;
#995 = B_SPLINE_CURVE_WITH_KNOTS ( 'NONE', 3,
 ( #311, #760, #1021, #1104, #439, #1347, #1323, #904, #1223, #213 ),
 .UNSPECIFIED., .F., .F.,
 ( 4, 2, 2, 2, 4 ),
 ( 0.000000000000000000, 0.0004919048029085229101, 0.0009838096058170458201, 0.001475714408725568730, 0.001967619211634091640 ),
 .UNSPECIFIED. ) ;
#996 = ORIENTED_EDGE ( 'NONE', *, *, #1302, .T. ) ;
#997 = CARTESIAN_POINT ( 'NONE',  ( -5.903464145733075874, 23.79416346216781619, -2.307770190228542795 ) ) ;
#998 = CARTESIAN_POINT ( 'NONE',  ( -0.7692465117612740100, 17.00149495614181916, 3.825192615799226648 ) ) ;
#999 = CARTESIAN_POINT ( 'NONE',  ( 1.217060367886767303, 11.32835471450801457, 5.875611536429123483 ) ) ;
#1000 = B_SPLINE_CURVE_WITH_KNOTS ( 'NONE', 3,
 ( #972, #597, #823, #940, #1156, #145, #1265, #379, #1427, #750 ),
 .UNSPECIFIED., .F., .F.,
 ( 4, 2, 2, 2, 4 ),
 ( 0.003918807198030617792, 0.004408674105827129625, 0.004898541013623642325, 0.005388407921420154158, 0.005878274829216666858 ),
 .UNSPECIFIED. ) ;
#1001 = CARTESIAN_POINT ( 'NONE',  ( -9.667383722686926362, 36.48436991751113112, 7.799999999999999822 ) ) ;
#1002 = CARTESIAN_POINT ( 'NONE',  ( -5.835847130850606135, 21.90715119214448237, 1.619338988238973931 ) ) ;
#1003 = CARTESIAN_POINT ( 'NONE',  ( -2.794485780130899322, 33.00691649587868426, -5.979033081377690628 ) ) ;
#1004 = ORIENTED_EDGE ( 'NONE', *, *, #934, .F. ) ;
#1005 = DIRECTION ( 'NONE',  ( 0.000000000000000000, 0.000000000000000000, -1.000000000000000000 ) ) ;
#1006 = CARTESIAN_POINT ( 'NONE',  ( -1.250000000000000444, 18.00000000000000000, 3.694252292413175098 ) ) ;
#1007 = CARTESIAN_POINT ( 'NONE',  ( -4.443100392394288889, 35.81292833612794624, 3.896260971452206956 ) ) ;
#1008 = LINE ( 'NONE', #1355, #850 ) ;
#1009 = CARTESIAN_POINT ( 'NONE',  ( -4.514047314184728599, 22.71107032633075917, -3.953945969387733683 ) ) ;
#1010 = CARTESIAN_POINT ( 'NONE',  ( -2.745647841535387101, 32.85850764545807579, -5.980356788357651610 ) ) ;
#1011 = VERTEX_POINT ( 'NONE', #577 ) ;
#1012 = CARTESIAN_POINT ( 'NONE',  ( -5.369559801919236541, 34.76784586400149379, 5.920438721642454993 ) ) ;
#1013 = B_SPLINE_CURVE_WITH_KNOTS ( 'NONE', 3,
 ( #611, #1057, #1429, #401, #857, #753, #293, #531, #874, #53 ),
 .UNSPECIFIED., .F., .F.,
 ( 4, 2, 2, 2, 4 ),
 ( 0.005900571547109215859, 0.006392224245762212834, 0.006883876944415208941, 0.007375529643068205049, 0.007867182341721202024 ),
 .UNSPECIFIED. ) ;
#1014 = CARTESIAN_POINT ( 'NONE',  ( 0.9994298731695828719, 17.23170730572768861, 3.771627333088515943 ) ) ;
#1015 = CARTESIAN_POINT ( 'NONE',  ( 6.000000000000000000, 28.20331576472466750, -0.6952940648672667479 ) ) ;
#1016 = EDGE_CURVE ( 'NONE', #209, #935, #964, .T. ) ;
#1017 = CYLINDRICAL_SURFACE ( 'NONE', #924, 1.250000000000000444 ) ;
#1018 =( BOUNDED_SURFACE ( )  B_SPLINE_SURFACE ( 2, 3, ( 
 ( #399, #631, #72, #1304, #299, #511, #1387, #38, #956, #842, #594, #1070, #369, #711, #829, #377, #837, #1270 ),
 ( #1276, #1380, #848, #618, #262, #625, #938, #1160, #149, #255, #171, #164, #604, #1167, #504, #276, #1050, #45 ),
 ( #489, #610, #944, #483, #1056, #66, #720, #1063, #269, #157, #52, #495, #59, #1410, #1402, #950, #390, #1290 ) ),
 .UNSPECIFIED., .F., .F., .F. ) 
 B_SPLINE_SURFACE_WITH_KNOTS ( ( 3, 3 ),
 ( 4, 2, 2, 2, 2, 2, 2, 2, 4 ),
 ( 0.000000000000000000, 1.000000000000000000 ),
 ( 4.712388980384689674, 5.105088062083414258, 5.497787143782137953, 5.890486225480861648, 6.283185307179586232, 6.675884388878310816, 7.068583470577034511, 7.461282552275758206, 7.853981633974482790 ),
 .UNSPECIFIED. ) 
 GEOMETRIC_REPRESENTATION_ITEM ( )  RATIONAL_B_SPLINE_SURFACE ( (
 ( 1.000000000000000000, 1.000000000000000000, 1.000000000000000000, 1.000000000000000000, 1.000000000000000000, 1.000000000000000000, 1.000000000000000000, 1.000000000000000000, 1.000000000000000000, 1.000000000000000000, 1.000000000000000000, 1.000000000000000000, 1.000000000000000000, 1.000000000000000000, 1.000000000000000000, 1.000000000000000000, 1.000000000000000000, 1.000000000000000000),
 ( 1.000000000000000000, 1.000013479150238194, 0.9989459129703925910, 0.9951537801816847661, 0.9924142511493055929, 0.9865698027157799865, 0.9834913874519269905, 0.9789478299912180992, 0.9775489113103641436, 0.9775489113103641436, 0.9789478299911738013, 0.9834913874519710664, 0.9865698027157798755, 0.9924142511493054819, 0.9951537801817319506, 0.9989459129703451845, 1.000013479150274165, 1.000000000000000000),
 ( 1.000000000000000000, 1.000000000000000000, 1.000000000000000000, 1.000000000000000000, 1.000000000000000000, 1.000000000000000000, 1.000000000000000000, 1.000000000000000000, 1.000000000000000000, 1.000000000000000000, 1.000000000000000000, 1.000000000000000000, 1.000000000000000000, 1.000000000000000000, 1.000000000000000000, 1.000000000000000000, 1.000000000000000000, 1.000000000000000000) ) ) 
 REPRESENTATION_ITEM ( '' )  SURFACE ( )  );
#1019 = VERTEX_POINT ( 'NONE', #353 ) ;
#1020 = CARTESIAN_POINT ( 'NONE',  ( -3.900000000000000799, 23.72751744539693064, 0.000000000000000000 ) ) ;
#1021 = CARTESIAN_POINT ( 'NONE',  ( -1.216826968754703975, 18.32959727256026738, 3.705897520096401720 ) ) ;
#1022 = CARTESIAN_POINT ( 'NONE',  ( -9.667383722686926362, 36.48436991751113112, 0.000000000000000000 ) ) ;
#1023 = CARTESIAN_POINT ( 'NONE',  ( -1.684836868575841473, 24.45094834749219004, -5.771070601321009796 ) ) ;
#1024 = CARTESIAN_POINT ( 'NONE',  ( -0.3284907229581290888, 9.782993673235166554, 5.992900663364777891 ) ) ;
#1025 = ORIENTED_EDGE ( 'NONE', *, *, #1081, .F. ) ;
#1026 = CARTESIAN_POINT ( 'NONE',  ( 1.263040528888169867, 25.82651082201377335, -5.865723286800239578 ) ) ;
#1027 = CARTESIAN_POINT ( 'NONE',  ( 0.4041460983590481892, 16.81427104614886758, 3.879760370195421526 ) ) ;
#1028 = CARTESIAN_POINT ( 'NONE',  ( 0.9663250574794650660, 25.74696263653913775, -6.000000000000002665 ) ) ;
#1029 = ORIENTED_EDGE ( 'NONE', *, *, #966, .F. ) ;
#1030 = EDGE_CURVE ( 'NONE', #1011, #774, #680, .T. ) ;
#1031 = CARTESIAN_POINT ( 'NONE',  ( 1.328202119492488897, 25.84395477134550489, -5.851185725432655360 ) ) ;
#1032 = CARTESIAN_POINT ( 'NONE',  ( -4.747595683798316202, 33.50981587994731115, 5.928102011905160396 ) ) ;
#1033 = CARTESIAN_POINT ( 'NONE',  ( -0.9445099145909778837, 24.90855330380284016, -5.937325338937004204 ) ) ;
#1034 = ORIENTED_EDGE ( 'NONE', *, *, #703, .T. ) ;
#1035 = ADVANCED_FACE ( 'NONE', ( #1283, #849 ), #285, .F. ) ;
#1036 = AXIS2_PLACEMENT_3D ( 'NONE', #664, #1337, #228 ) ;
#1037 = SHAPE_DEFINITION_REPRESENTATION ( #718, #499 ) ;
#1038 = CARTESIAN_POINT ( 'NONE',  ( 1.424902709326467232, 25.86985277848794595, -5.828350465719664086 ) ) ;
#1039 = EDGE_CURVE ( 'NONE', #600, #1101, #744, .T. ) ;
#1040 = CARTESIAN_POINT ( 'NONE',  ( -4.447140291424348746, 33.38552958884356059, 5.956440698396717970 ) ) ;
#1041 = CARTESIAN_POINT ( 'NONE',  ( 5.557124192447925104, 27.07060326744638701, 2.352368970836324014 ) ) ;
#1042 = ORIENTED_EDGE ( 'NONE', *, *, #596, .T. ) ;
#1043 = CARTESIAN_POINT ( 'NONE',  ( 4.500715469577184713, 26.73260874620681449, -3.969061305225593195 ) ) ;
#1044 = CARTESIAN_POINT ( 'NONE',  ( -4.446512476393303714, 33.38540152900400670, 3.832771688363079132 ) ) ;
#1045 = DIRECTION ( 'NONE',  ( 0.000000000000000000, 0.000000000000000000, 1.000000000000000000 ) ) ;
#1046 = EDGE_CURVE ( 'NONE', #1019, #134, #1013, .T. ) ;
#1047 = CYLINDRICAL_SURFACE ( 'NONE', #830, 3.899999999999999911 ) ;
#1048 = CARTESIAN_POINT ( 'NONE',  ( 0.000000000000000000, 30.00000000000000000, -6.000000000000000888 ) ) ;
#1049 = CARTESIAN_POINT ( 'NONE',  ( -0.9980854172072847197, 11.76977584745067240, 3.771957192524773017 ) ) ;
#1050 = CARTESIAN_POINT ( 'NONE',  ( -0.7955251063915919074, 25.13347565249753401, 6.000000000072532202 ) ) ;
#1051 = CARTESIAN_POINT ( 'NONE',  ( -3.295647841535386480, 32.78034070677312428, -32.00000000000000000 ) ) ;
#1052 = CYLINDRICAL_SURFACE ( 'NONE', #1409, 1.250000000000000222 ) ;
#1053 = FACE_OUTER_BOUND ( 'NONE', #169, .T. ) ;
#1054 = ORIENTED_EDGE ( 'NONE', *, *, #1284, .T. ) ;
#1055 = CARTESIAN_POINT ( 'NONE',  ( 5.274603184402329781, 26.97635479844752382, 2.865597607286758386 ) ) ;
#1056 = CARTESIAN_POINT ( 'NONE',  ( -3.593755462377141274, 23.27366790529026375, -4.868149957700277142 ) ) ;
#1057 = CARTESIAN_POINT ( 'NONE',  ( -0.1647403778513763517, 9.749999999999994671, 3.900000000000001688 ) ) ;
#1058 = CARTESIAN_POINT ( 'NONE',  ( -3.948276231443399009, 24.33724831866046756, -4.718107636124747373 ) ) ;
#1059 = CARTESIAN_POINT ( 'NONE',  ( 0.2326162773130749928, 40.96016823683886798, 6.063858597689163861E-15 ) ) ;
#1060 = CARTESIAN_POINT ( 'NONE',  ( 1.250000000000000000, 11.00000000000000000, 6.022500000000000853 ) ) ;
#1061 = ORIENTED_EDGE ( 'NONE', *, *, #1152, .F. ) ;
#1062 = CARTESIAN_POINT ( 'NONE',  ( 4.234529262181768061, 26.65162472841188190, 4.273184938309853464 ) ) ;
#1063 = CARTESIAN_POINT ( 'NONE',  ( -5.829076341988740140, 21.91126581388099481, -1.635037732332051519 ) ) ;
#1064 = CARTESIAN_POINT ( 'NONE',  ( -11.02292545893876508, 6.000000000000000000, -6.022500000000000853 ) ) ;
#1065 = CARTESIAN_POINT ( 'NONE',  ( -4.525786608473729267, 24.17392508736434209, 4.233250660644658936 ) ) ;
#1066 = CYLINDRICAL_SURFACE ( 'NONE', #992, 1.250000000000000000 ) ;
#1067 = CARTESIAN_POINT ( 'NONE',  ( 0.7681269175713227870, 17.00028096479519135, 5.951785396555846042 ) ) ;
#1068 = VERTEX_POINT ( 'NONE', #496 ) ;
#1069 = CARTESIAN_POINT ( 'NONE',  ( -1.867383722686928316, 40.01075647213298936, 4.776122516674677286E-16 ) ) ;
#1070 = CARTESIAN_POINT ( 'NONE',  ( -5.585940590662144878, 23.87964527098317546, 3.021713878963792066 ) ) ;
#1071 = CARTESIAN_POINT ( 'NONE',  ( 1.891232580738392288, 26.72492324910013650, 5.645351984724596761 ) ) ;
#1072 = CARTESIAN_POINT ( 'NONE',  ( -2.186354099336973444, 24.84669303902388293, 5.642290395195485253 ) ) ;
#1073 = CARTESIAN_POINT ( 'NONE',  ( -3.796809902939873638, 32.55376491766756430, -5.979033081377690628 ) ) ;
#1074 = CARTESIAN_POINT ( 'NONE',  ( -2.745647841535376443, 32.65513632436007185, -3.878713264631135971 ) ) ;
#1075 = ORIENTED_EDGE ( 'NONE', *, *, #934, .T. ) ;
#1076 = EDGE_CURVE ( 'NONE', #1145, #355, #80, .T. ) ;
#1077 = CARTESIAN_POINT ( 'NONE',  ( 3.169774625252701927, 26.34622277259375522, 5.095758978150311869 ) ) ;
#1078 = DIRECTION ( 'NONE',  ( 0.000000000000000000, 0.000000000000000000, -1.000000000000000000 ) ) ;
#1079 = CARTESIAN_POINT ( 'NONE',  ( -3.900000000000000799, 23.72751744539693064, 0.000000000000000000 ) ) ;
#1080 = VECTOR ( 'NONE', #1005, 1000.000000000000000 ) ;
#1081 = EDGE_CURVE ( 'NONE', #422, #725, #995, .T. ) ;
#1082 = CARTESIAN_POINT ( 'NONE',  ( -4.550711208078901393, 24.16691693636942873, 4.209723295731423676 ) ) ;
#1083 = CARTESIAN_POINT ( 'NONE',  ( -4.046576803523715071, 22.99672372847260959, 4.430421247179969768 ) ) ;
#1084 = CARTESIAN_POINT ( 'NONE',  ( 1.217305662827485424, 17.67228138961568717, 5.875562879591348597 ) ) ;
#1085 = EDGE_LOOP ( 'NONE', ( #679, #1407, #23, #1378 ) ) ;
#1086 = CARTESIAN_POINT ( 'NONE',  ( 3.736109367739176790, 26.50672566697510391, 4.699928051535420259 ) ) ;
#1087 = CARTESIAN_POINT ( 'NONE',  ( -2.432739931792966104, 24.77483221674504321, -5.546374902488559577 ) ) ;
#1088 = CARTESIAN_POINT ( 'NONE',  ( 0.2326162773130741324, 40.96016823683886798, 7.347880794884120722E-16 ) ) ;
#1089 = CARTESIAN_POINT ( 'NONE',  ( -6.903832097224815365E-15, 25.49071072270786686, 6.000000000000000888 ) ) ;
#1090 = EDGE_CURVE ( 'NONE', #474, #1068, #387, .T. ) ;
#1091 = CARTESIAN_POINT ( 'NONE',  ( -4.822372992001751513, 24.09077510158154567, 3.936325032727653106 ) ) ;
#1092 = CARTESIAN_POINT ( 'NONE',  ( -2.463794735573018091, 23.96900796301073910, -5.471050951884098623 ) ) ;
#1093 = CARTESIAN_POINT ( 'NONE',  ( 2.155760203208370918, 26.89741158659176179, -5.534182499987218229 ) ) ;
#1094 = ORIENTED_EDGE ( 'NONE', *, *, #1162, .T. ) ;
#1095 = CARTESIAN_POINT ( 'NONE',  ( -4.245495813756249959, 24.25295718800562383, -4.482264842572590169 ) ) ;
#1096 = CARTESIAN_POINT ( 'NONE',  ( 2.448819159924720162E-13, 12.25000000000239631, 3.900000000000768186 ) ) ;
#1097 = CARTESIAN_POINT ( 'NONE',  ( -3.954416634196931568, 35.85266971712211870, 5.970859582486615302 ) ) ;
#1098 = CARTESIAN_POINT ( 'NONE',  ( -2.464604351947331740, 24.76553931561739219, 5.533931044838884539 ) ) ;
#1099 = CARTESIAN_POINT ( 'NONE',  ( -3.620517511721666359, 23.25818489878685469, -4.800120069969964653 ) ) ;
#1100 = CARTESIAN_POINT ( 'NONE',  ( 1.250000000000000444, 18.00000000000000000, 5.868347297152752162 ) ) ;
#1101 = VERTEX_POINT ( 'NONE', #560 ) ;
#1102 = DIRECTION ( 'NONE',  ( -0.000000000000000000, -1.000000000000000000, -0.000000000000000000 ) ) ;
#1103 = LINE ( 'NONE', #73, #910 ) ;
#1104 = CARTESIAN_POINT ( 'NONE',  ( -1.090905997008276840, 18.63184360379709403, 3.744898984890885796 ) ) ;
#1105 = CARTESIAN_POINT ( 'NONE',  ( 0.1656377522021842130, 9.758326613184154397, 3.897309297840163556 ) ) ;
#1106 = AXIS2_PLACEMENT_3D ( 'NONE', #62, #167, #607 ) ;
#1107 = CARTESIAN_POINT ( 'NONE',  ( -5.369293154301155724, 22.19025562717137845, 2.680841379484869780 ) ) ;
#1108 =( BOUNDED_CURVE ( )  B_SPLINE_CURVE ( 3, ( #614, #1390, #56, #287 ),
 .UNSPECIFIED., .F., .T. ) 
 B_SPLINE_CURVE_WITH_KNOTS ( ( 4, 4 ),
 ( 4.841248390088963127, 6.283185307179586232 ),
 .UNSPECIFIED. ) 
 CURVE ( )  GEOMETRIC_REPRESENTATION_ITEM ( )  RATIONAL_B_SPLINE_CURVE ( ( 1.000000000000000000, 0.8341111933044913496, 0.8341111933044913496, 1.000000000000000000 ) ) 
 REPRESENTATION_ITEM ( '' )  );
#1109 = CARTESIAN_POINT ( 'NONE',  ( 1.250000000000000000, 11.00000000000000000, 5.868347297152752162 ) ) ;
#1110 = ORIENTED_EDGE ( 'NONE', *, *, #1425, .F. ) ;
#1111 = CARTESIAN_POINT ( 'NONE',  ( -4.836616509521676655, 24.08649344687881566, -3.942366841711169467 ) ) ;
#1112 = CARTESIAN_POINT ( 'NONE',  ( -0.1647403778513771011, 16.74999999999999289, 3.900000000000002132 ) ) ;
#1113 = CARTESIAN_POINT ( 'NONE',  ( -2.869559801919232545, 34.60274820278942798, 3.759366374832249225 ) ) ;
#1114 = FACE_OUTER_BOUND ( 'NONE', #18, .T. ) ;
#1115 = CARTESIAN_POINT ( 'NONE',  ( -2.219007841069259968, 24.11979135997284374, 5.574586545729498077 ) ) ;
#1116 = ORIENTED_EDGE ( 'NONE', *, *, #513, .F. ) ;
#1117 = CARTESIAN_POINT ( 'NONE',  ( -3.900000000000000799, 23.72751744539693064, 2.284567106744929799 ) ) ;
#1118 = CARTESIAN_POINT ( 'NONE',  ( -1.867383722686926983, 40.01075647213298936, 4.776122516674677286E-16 ) ) ;
#1119 = CARTESIAN_POINT ( 'NONE',  ( -5.369559801919224995, 34.76777302545437465, 3.776468179398229097 ) ) ;
#1120 = EDGE_CURVE ( 'NONE', #1391, #586, #1159, .T. ) ;
#1121 = CARTESIAN_POINT ( 'NONE',  ( 1.216859251341597892, 17.67076357761514771, 3.705881608495205981 ) ) ;
#1122 = CARTESIAN_POINT ( 'NONE',  ( 5.600416866036703745, 29.08715206475500636, 0.7853981597613519661 ) ) ;
#1123 = SURFACE_SIDE_STYLE ('',( #1226 ) ) ;
#1124 = ORIENTED_EDGE ( 'NONE', *, *, #1152, .T. ) ;
#1125 = CARTESIAN_POINT ( 'NONE',  ( 1.250000000000000444, 18.00000000000000000, 6.022500000000000853 ) ) ;
#1126 = DIRECTION ( 'NONE',  ( 1.000000000000000000, 0.000000000000000000, 0.000000000000000000 ) ) ;
#1127 = CARTESIAN_POINT ( 'NONE',  ( -1.867383722686928094, 40.01075647213298936, -2.057630202788239160 ) ) ;
#1128 = CARTESIAN_POINT ( 'NONE',  ( -1.867383722686928316, 40.01075647213298936, 4.776122516674677286E-16 ) ) ;
#1129 = CARTESIAN_POINT ( 'NONE',  ( -0.5042353932998087096, 25.17887326948962468, -6.000000000000002665 ) ) ;
#1130 = CARTESIAN_POINT ( 'NONE',  ( 0.000000000000000000, 5.999999999999998224, -6.000000000000000888 ) ) ;
#1131 = ORIENTED_EDGE ( 'NONE', *, *, #827, .T. ) ;
#1132 = DIRECTION ( 'NONE',  ( 0.000000000000000000, 0.000000000000000000, -1.000000000000000000 ) ) ;
#1133 = CARTESIAN_POINT ( 'NONE',  ( 5.980276891017682672, 27.22538117007722747, 0.5678005102240264446 ) ) ;
#1134 = CARTESIAN_POINT ( 'NONE',  ( -5.336978835454201153, 34.27515028639064099, 5.891905632274911042 ) ) ;
#1135 = CARTESIAN_POINT ( 'NONE',  ( 1.926262783129103706, 26.00207097306020643, -5.757469886542873283 ) ) ;
#1136 = EDGE_CURVE ( 'NONE', #574, #117, #1321, .T. ) ;
#1137 = CARTESIAN_POINT ( 'NONE',  ( 8.654371079058549784E-13, 9.749999999992228439, 6.000000000001619149 ) ) ;
#1138 = ORIENTED_EDGE ( 'NONE', *, *, #231, .T. ) ;
#1139 = B_SPLINE_CURVE_WITH_KNOTS ( 'NONE', 3,
 ( #102, #1010, #122, #1003 ),
 .UNSPECIFIED., .F., .F.,
 ( 4, 4 ),
 ( 0.001487754442148832724, 0.001719803718665032866 ),
 .UNSPECIFIED. ) ;
#1140 = EDGE_LOOP ( 'NONE', ( #811, #1336, #796, #841, #846, #398, #1110, #797, #1274, #344 ) ) ;
#1141 = AXIS2_PLACEMENT_3D ( 'NONE', #5, #463, #1126 ) ;
#1142 = CARTESIAN_POINT ( 'NONE',  ( -1.216826968754703531, 11.32959727256026206, 3.705897520096402165 ) ) ;
#1143 = CARTESIAN_POINT ( 'NONE',  ( -11.76738372268692778, 35.53495815280525250, 12.00000000000000178 ) ) ;
#1144 = CARTESIAN_POINT ( 'NONE',  ( 3.430500112629813358, 27.72570435039605741, -4.798001052057718319 ) ) ;
#1145 = VERTEX_POINT ( 'NONE', #547 ) ;
#1146 = LINE ( 'NONE', #559, #1350 ) ;
#1147 = CARTESIAN_POINT ( 'NONE',  ( 2.743171278742906782, 26.22768065571762008, -5.336203710378452314 ) ) ;
#1148 = CARTESIAN_POINT ( 'NONE',  ( 0.1656377522021857951, 16.75832661318415617, 3.897309297840164000 ) ) ;
#1149 = CARTESIAN_POINT ( 'NONE',  ( 4.468016009902545882, 28.38978359563600407, 3.687280322181836212 ) ) ;
#1150 = EDGE_LOOP ( 'NONE', ( #698, #1358, #826, #717 ) ) ;
#1151 =( BOUNDED_CURVE ( )  B_SPLINE_CURVE ( 3, ( #672, #566, #1117, #1020 ),
 .UNSPECIFIED., .F., .T. ) 
 B_SPLINE_CURVE_WITH_KNOTS ( ( 4, 4 ),
 ( 4.712388980384689674, 6.283185307179586232 ),
 .UNSPECIFIED. ) 
 CURVE ( )  GEOMETRIC_REPRESENTATION_ITEM ( )  RATIONAL_B_SPLINE_CURVE ( ( 1.000000000000000000, 0.8047378541243649375, 0.8047378541243649375, 1.000000000000000000 ) ) 
 REPRESENTATION_ITEM ( '' )  );
#1152 = EDGE_CURVE ( 'NONE', #854, #550, #1393, .T. ) ;
#1153 = CARTESIAN_POINT ( 'NONE',  ( 1.394915969812410061, 25.86182111971037401, -5.835613844000164363 ) ) ;
#1154 = CARTESIAN_POINT ( 'NONE',  ( -3.487831468197013951, 33.51154396910447275, 3.901211237167306667 ) ) ;
#1155 = CARTESIAN_POINT ( 'NONE',  ( -5.965395697663884889, 22.70156456585837645, 12.00000000000000178 ) ) ;
#1156 = CARTESIAN_POINT ( 'NONE',  ( 0.9994087821716187703, 18.76827730783271519, 5.917326374836100911 ) ) ;
#1157 = ORIENTED_EDGE ( 'NONE', *, *, #643, .T. ) ;
#1158 = CARTESIAN_POINT ( 'NONE',  ( 5.731398834146737009, 27.13334346871874203, -1.775247294421776312 ) ) ;
#1159 =( BOUNDED_CURVE ( )  B_SPLINE_CURVE ( 3, ( #1438, #1127, #883, #768 ),
 .UNSPECIFIED., .F., .F. ) 
 B_SPLINE_CURVE_WITH_KNOTS ( ( 4, 4 ),
 ( 3.141592653589793116, 4.583529570680416221 ),
 .UNSPECIFIED. ) 
 CURVE ( )  GEOMETRIC_REPRESENTATION_ITEM ( )  RATIONAL_B_SPLINE_CURVE ( ( 1.000000000000000000, 0.8341111933044913496, 0.8341111933044913496, 1.000000000000000000 ) ) 
 REPRESENTATION_ITEM ( '' )  );
#1160 = CARTESIAN_POINT ( 'NONE',  ( -5.850809637113982831, 22.84700075293480737, -1.543688999709251553 ) ) ;
#1161 = LINE ( 'NONE', #1381, #186 ) ;
#1162 = EDGE_CURVE ( 'NONE', #134, #565, #1412, .T. ) ;
#1163 = CARTESIAN_POINT ( 'NONE',  ( -2.325424346794900288, 24.80613212626846931, -5.587108326185697749 ) ) ;
#1164 = DIRECTION ( 'NONE',  ( 0.000000000000000000, 0.000000000000000000, -1.000000000000000000 ) ) ;
#1165 = EDGE_LOOP ( 'NONE', ( #1450, #1061 ) ) ;
#1166 = CARTESIAN_POINT ( 'NONE',  ( 1.484537475097613246, 25.88582983728965559, 5.813485678406499879 ) ) ;
#1167 = CARTESIAN_POINT ( 'NONE',  ( -3.723381099805753713, 23.81558344365847546, 4.772535343764135796 ) ) ;
#1168 = CARTESIAN_POINT ( 'NONE',  ( 0.9124295459743629877, 26.08588120781598718, 5.932272732918408842 ) ) ;
#1169 = CARTESIAN_POINT ( 'NONE',  ( -2.878251928408330329, 24.64489498649084354, -5.372957333030488059 ) ) ;
#1170 = CARTESIAN_POINT ( 'NONE',  ( -11.76738372268692956, 35.53495815280525250, 0.000000000000000000 ) ) ;
#1171 = CARTESIAN_POINT ( 'NONE',  ( -2.762152431867778368, 32.93539849507364181, -3.867665521759708458 ) ) ;
#1172 = VERTEX_POINT ( 'NONE', #482 ) ;
#1173 = CARTESIAN_POINT ( 'NONE',  ( 4.515183983419785996, 26.73633546807861805, 3.970001879538067158 ) ) ;
#1174 = VECTOR ( 'NONE', #832, 1000.000000000000000 ) ;
#1175 = CARTESIAN_POINT ( 'NONE',  ( -4.283250344441269064, 33.35279532411188086, 3.855190570067247968 ) ) ;
#1176 = CARTESIAN_POINT ( 'NONE',  ( 5.442841701597525450, 28.99233301024680642, 1.608187569589701660 ) ) ;
#1177 = CARTESIAN_POINT ( 'NONE',  ( -6.903832097224815365E-15, 25.49071072270786686, 6.000000000000000888 ) ) ;
#1178 = CARTESIAN_POINT ( 'NONE',  ( 7.348378634114860942E-16, 12.24999999999999822, 6.000000000000000888 ) ) ;
#1179 = EDGE_CURVE ( 'NONE', #1172, #1011, #146, .T. ) ;
#1180 = CARTESIAN_POINT ( 'NONE',  ( -1.250000000000000444, 18.00000000000000000, 3.694252292413175098 ) ) ;
#1181 = ORIENTED_EDGE ( 'NONE', *, *, #479, .F. ) ;
#1182 = CARTESIAN_POINT ( 'NONE',  ( 3.015984250124260413, 26.30331065025830739, 5.187234011260361655 ) ) ;
#1183 = CARTESIAN_POINT ( 'NONE',  ( -4.038254878315295393, 33.35272471998835897, 3.879856141357618693 ) ) ;
#1184 = CARTESIAN_POINT ( 'NONE',  ( -1.250000000000000444, 18.00000000000000000, 5.868347297152751274 ) ) ;
#1185 = CARTESIAN_POINT ( 'NONE',  ( -6.360294518903882199, 23.67211063742689703, 0.7682070359648673907 ) ) ;
#1186 = LINE ( 'NONE', #968, #568 ) ;
#1187 = CARTESIAN_POINT ( 'NONE',  ( 3.450261960574553477, 27.73708343164442880, -4.733418026818058344 ) ) ;
#1188 = EDGE_LOOP ( 'NONE', ( #1262, #1075, #203, #863, #887, #176, #217, #908, #194, #1131 ) ) ;
#1189 = CARTESIAN_POINT ( 'NONE',  ( -9.667383722686924585, 36.48436991751113823, 7.799999999999999822 ) ) ;
#1190 = ADVANCED_FACE ( 'NONE', ( #283, #1394 ), #153, .T. ) ;
#1191 = CARTESIAN_POINT ( 'NONE',  ( -5.266221661282438404, 38.47413898392761666, -5.979033081377691516 ) ) ;
#1192 = CARTESIAN_POINT ( 'NONE',  ( 4.867766262794549270, 28.63803498491596500, 3.055502542944787958 ) ) ;
#1193 = CARTESIAN_POINT ( 'NONE',  ( -4.535769866499430591, 24.17111779014049944, 4.223845676473351851 ) ) ;
#1194 = DIRECTION ( 'NONE',  ( -0.000000000000000000, -1.000000000000000000, -0.000000000000000000 ) ) ;
#1195 = CARTESIAN_POINT ( 'NONE',  ( 4.251958020174987141, 28.25059004317057898, -3.893266917036528607 ) ) ;
#1196 = ORIENTED_EDGE ( 'NONE', *, *, #1016, .F. ) ;
#1197 = CARTESIAN_POINT ( 'NONE',  ( 5.765190442335192067, 27.14551846185547035, 1.662210433690457512 ) ) ;
#1198 = CARTESIAN_POINT ( 'NONE',  ( 0.6325620383372815292, 19.09063704585459575, 3.851407168209954435 ) ) ;
#1199 = ADVANCED_FACE ( 'NONE', ( #382 ), #1018, .T. ) ;
#1200 = CARTESIAN_POINT ( 'NONE',  ( -2.902021238418444948, 34.27642002084903083, 3.799055063295624812 ) ) ;
#1201 = CARTESIAN_POINT ( 'NONE',  ( -0.6299779079594043374, 19.09193334236228168, 5.968755640741130186 ) ) ;
#1202 = CARTESIAN_POINT ( 'NONE',  ( -2.447546752298814798, 24.77051373208436047, 5.540613387001174672 ) ) ;
#1203 = CARTESIAN_POINT ( 'NONE',  ( -3.906950750648892079, 23.08207863750129363, -4.567010880528310501 ) ) ;
#1204 = CARTESIAN_POINT ( 'NONE',  ( 1.910977350387015772, 26.73802309453350290, -5.643193770077184368 ) ) ;
#1205 = ORIENTED_EDGE ( 'NONE', *, *, #11, .F. ) ;
#1206 = CARTESIAN_POINT ( 'NONE',  ( -4.499648018908675162, 24.18127790981537828, -4.257678839050815789 ) ) ;
#1207 = CARTESIAN_POINT ( 'NONE',  ( -0.9984016805779217796, 17.23061933824257252, 3.771873914653165905 ) ) ;
#1208 = CARTESIAN_POINT ( 'NONE',  ( -5.369559801919228548, 34.60274820278944219, 3.759366374832258550 ) ) ;
#1209 = CARTESIAN_POINT ( 'NONE',  ( -5.760453603539358980, 23.83266490677162608, 2.629326681160480295 ) ) ;
#1210 = CARTESIAN_POINT ( 'NONE',  ( -5.529671450022375367, 22.09286894234818632, -2.328818652503779507 ) ) ;
#1211 = CARTESIAN_POINT ( 'NONE',  ( 4.164077347189958367, 28.19483420073569491, -4.001621422319188603 ) ) ;
#1212 = ORIENTED_EDGE ( 'NONE', *, *, #151, .F. ) ;
#1213 = CARTESIAN_POINT ( 'NONE',  ( -11.76738372268692956, 35.53495815280525250, 12.00000000000000178 ) ) ;
#1214 = CARTESIAN_POINT ( 'NONE',  ( 1.250000000000000444, 18.00000000000000000, 3.694252292413175098 ) ) ;
#1215 = CARTESIAN_POINT ( 'NONE',  ( 0.6313180360621136744, 12.09130910947283688, 5.968637001088800353 ) ) ;
#1216 = CARTESIAN_POINT ( 'NONE',  ( 0.6323341822823607128, 9.909219378061639105, 3.851448023503409868 ) ) ;
#1217 = CARTESIAN_POINT ( 'NONE',  ( -4.103052266043505369, 22.96213683291702878, 4.377876852332344804 ) ) ;
#1218 = CARTESIAN_POINT ( 'NONE',  ( 8.654371079058549784E-13, 9.749999999992228439, 6.000000000001619149 ) ) ;
#1219 =( BOUNDED_SURFACE ( )  B_SPLINE_SURFACE ( 3, 1, ( 
 ( #1128, #905 ),
 ( #1238, #232 ),
 ( #1324, #1245 ),
 ( #1022, #120 ) ),
 .UNSPECIFIED., .F., .F., .T. ) 
 B_SPLINE_SURFACE_WITH_KNOTS ( ( 4, 4 ),
 ( 2, 2 ),
 ( 0.000000000000000000, 1.000000000000000000 ),
 ( 0.000000000000000000, 1.000000000000000000 ),
 .UNSPECIFIED. ) 
 GEOMETRIC_REPRESENTATION_ITEM ( )  RATIONAL_B_SPLINE_SURFACE ( (
 ( 1.000000000000000000, 1.000000000000000000),
 ( 0.3333333333333333703, 0.3333333333333333703),
 ( 0.3333333333333333703, 0.3333333333333333703),
 ( 1.000000000000000000, 1.000000000000000000) ) ) 
 REPRESENTATION_ITEM ( '' )  SURFACE ( )  );
#1220 = EDGE_LOOP ( 'NONE', ( #1365, #289, #1181 ) ) ;
#1221 = CYLINDRICAL_SURFACE ( 'NONE', #1036, 0.5500000000000010436 ) ;
#1222 = CARTESIAN_POINT ( 'NONE',  ( -7.419490110487783063, 43.23694466153794735, -32.00000000000000000 ) ) ;
#1223 = CARTESIAN_POINT ( 'NONE',  ( -0.1643796120310498099, 19.25000000000006040, 3.900000000000018563 ) ) ;
#1224 = AXIS2_PLACEMENT_3D ( 'NONE', #426, #433, #884 ) ;
#1225 = CARTESIAN_POINT ( 'NONE',  ( -5.499222017389204353, 22.11133551827187560, 2.399837630176123060 ) ) ;
#1226 = SURFACE_STYLE_FILL_AREA ( #1233 ) ;
#1227 = VERTEX_POINT ( 'NONE', #1395 ) ;
#1228 = EDGE_CURVE ( 'NONE', #1068, #474, #820, .T. ) ;
#1229 = DIRECTION ( 'NONE',  ( -0.000000000000000000, -1.000000000000000000, -0.000000000000000000 ) ) ;
#1230 = CARTESIAN_POINT ( 'NONE',  ( -3.027104731747563005, 35.23174799992312245, 5.890092489268721643 ) ) ;
#1231 = CARTESIAN_POINT ( 'NONE',  ( 0.9994298731695824278, 10.23170730572768861, 3.771627333088515055 ) ) ;
#1232 = CARTESIAN_POINT ( 'NONE',  ( 5.887741491563401652, 28.14410724384860529, -1.394704856665128556 ) ) ;
#1233 = FILL_AREA_STYLE ('',( #678 ) ) ;
#1234 = EDGE_LOOP ( 'NONE', ( #235, #1370 ) ) ;
#1235 = CARTESIAN_POINT ( 'NONE',  ( -2.794485780130899322, 33.00691649587868426, -5.979033081377690628 ) ) ;
#1236 = CARTESIAN_POINT ( 'NONE',  ( 1.250000000000000000, 11.00000000000000000, 5.868347297152752162 ) ) ;
#1237 = EDGE_CURVE ( 'NONE', #315, #565, #521, .T. ) ;
#1238 = CARTESIAN_POINT ( 'NONE',  ( -1.867383722686927650, 40.01075647213298936, -7.799999999999998046 ) ) ;
#1239 = CARTESIAN_POINT ( 'NONE',  ( 5.244966385925588170, 26.96260323102959688, -3.024325882713081892 ) ) ;
#1240 = CARTESIAN_POINT ( 'NONE',  ( 3.900000000000000355, 27.25390400001877822, 4.776122516674677286E-16 ) ) ;
#1241 = ORIENTED_EDGE ( 'NONE', *, *, #881, .F. ) ;
#1242 = CARTESIAN_POINT ( 'NONE',  ( -0.6299779079594033382, 12.09193334236228168, 5.968755640741130186 ) ) ;
#1243 = CARTESIAN_POINT ( 'NONE',  ( 4.629024194275165094, 26.77181142574613304, -3.817659664535946185 ) ) ;
#1244 = EDGE_CURVE ( 'NONE', #1351, #535, #1103, .T. ) ;
#1245 = CARTESIAN_POINT ( 'NONE',  ( -3.899999999999996358, 23.72751744539692353, -7.799999999999999822 ) ) ;
#1246 = CARTESIAN_POINT ( 'NONE',  ( 0.7304178389554845108, 25.96776459727289676, -6.000000000000000888 ) ) ;
#1247 = VECTOR ( 'NONE', #870, 1000.000000000000000 ) ;
#1248 = ORIENTED_EDGE ( 'NONE', *, *, #95, .T. ) ;
#1249 = ORIENTED_EDGE ( 'NONE', *, *, #1228, .F. ) ;
#1250 = CARTESIAN_POINT ( 'NONE',  ( -1.250000000000000000, 11.00000000000000000, 5.868347297152752162 ) ) ;
#1251 = CARTESIAN_POINT ( 'NONE',  ( 2.726750312949142607, 26.22314758275973290, -5.344611816629171841 ) ) ;
#1252 = CARTESIAN_POINT ( 'NONE',  ( 0.08236354854049973695, 16.75000000000000355, 3.900000000000001243 ) ) ;
#1253 = CARTESIAN_POINT ( 'NONE',  ( 5.451995333340543759, 28.99942481362391078, 1.570487309416590982 ) ) ;
#1254 = CARTESIAN_POINT ( 'NONE',  ( -6.399583133963296255, 23.66194198072138377, 0.3811726612763185473 ) ) ;
#1255 = VERTEX_POINT ( 'NONE', #211 ) ;
#1256 =( BOUNDED_CURVE ( )  B_SPLINE_CURVE ( 3, ( #116, #1327, #450, #1240 ),
 .UNSPECIFIED., .F., .T. ) 
 B_SPLINE_CURVE_WITH_KNOTS ( ( 4, 4 ),
 ( 1.570796326794896558, 3.141592653589793116 ),
 .UNSPECIFIED. ) 
 CURVE ( )  GEOMETRIC_REPRESENTATION_ITEM ( )  RATIONAL_B_SPLINE_CURVE ( ( 1.000000000000000000, 0.8047378541243649375, 0.8047378541243649375, 1.000000000000000000 ) ) 
 REPRESENTATION_ITEM ( '' )  );
#1257 = CARTESIAN_POINT ( 'NONE',  ( -1.216617179306589858, 11.32990356175648472, 5.875704425124072650 ) ) ;
#1258 = CARTESIAN_POINT ( 'NONE',  ( 1.922214559727939198, 26.00341606470075462, -5.688639991624768300 ) ) ;
#1259 = CARTESIAN_POINT ( 'NONE',  ( 6.034604302336119552, 28.12677464989198839, 7.347880794884120722E-16 ) ) ;
#1260 = CARTESIAN_POINT ( 'NONE',  ( 0.8477053662084228502, 25.85718630724917944, -6.000000000002617462 ) ) ;
#1261 = CARTESIAN_POINT ( 'NONE',  ( 0.2326162773130871220, 40.96016823683887509, -12.00000000000000888 ) ) ;
#1262 = ORIENTED_EDGE ( 'NONE', *, *, #1344, .F. ) ;
#1263 = VERTEX_POINT ( 'NONE', #409 ) ;
#1264 = CARTESIAN_POINT ( 'NONE',  ( 4.991798243126392087, 26.88410960371722425, -3.352389473975216916 ) ) ;
#1265 = CARTESIAN_POINT ( 'NONE',  ( 0.6313180360621134524, 19.09130910947283866, 5.968637001088801242 ) ) ;
#1266 = VERTEX_POINT ( 'NONE', #1214 ) ;
#1267 = VERTEX_POINT ( 'NONE', #204 ) ;
#1268 = ADVANCED_FACE ( 'NONE', ( #889 ), #742, .F. ) ;
#1269 = CARTESIAN_POINT ( 'NONE',  ( 4.068321590676847066, 26.60330455495222068, -4.415495026851528060 ) ) ;
#1270 = CARTESIAN_POINT ( 'NONE',  ( 1.561251128379125754E-14, 25.49071072270787397, 5.999999999999999112 ) ) ;
#1271 = DIRECTION ( 'NONE',  ( 0.4119559801919229769, -0.9112037480081565111, -0.000000000000000000 ) ) ;
#1272 = CARTESIAN_POINT ( 'NONE',  ( -1.839184919572208088, 24.94820632548591632, -5.747276698551167406 ) ) ;
#1273 = CYLINDRICAL_SURFACE ( 'NONE', #902, 3.899999999999999911 ) ;
#1274 = ORIENTED_EDGE ( 'NONE', *, *, #675, .F. ) ;
#1275 = CARTESIAN_POINT ( 'NONE',  ( 5.183456783283883595, 26.94645072287446652, 3.027842793939335309 ) ) ;
#1276 = CARTESIAN_POINT ( 'NONE',  ( -5.134046814565595258E-15, 25.49071072270786686, -5.999999999999999112 ) ) ;
#1277 = DIRECTION ( 'NONE',  ( 0.4119559801919229769, -0.9112037480081565111, -0.000000000000000000 ) ) ;
#1278 = CARTESIAN_POINT ( 'NONE',  ( 0.1655650044165737078, 19.24169561575051901, 3.897316213440674026 ) ) ;
#1279 = LINE ( 'NONE', #1060, #332 ) ;
#1280 = VERTEX_POINT ( 'NONE', #1191 ) ;
#1281 = CARTESIAN_POINT ( 'NONE',  ( 5.032085791124147001, 26.89780671363030251, 3.269117104511859218 ) ) ;
#1282 = CARTESIAN_POINT ( 'NONE',  ( -5.116894343331156669, 33.83175947500632219, 3.736874270486317595 ) ) ;
#1283 = FACE_BOUND ( 'NONE', #1234, .T. ) ;
#1284 = EDGE_CURVE ( 'NONE', #565, #493, #242, .T. ) ;
#1285 = CARTESIAN_POINT ( 'NONE',  ( -1.250000000000000222, 17.83428751861096373, 5.868347297152752162 ) ) ;
#1286 = CARTESIAN_POINT ( 'NONE',  ( -1.499694791208264766, 24.56538816512716039, 5.812649853810981426 ) ) ;
#1287 = ORIENTED_EDGE ( 'NONE', *, *, #405, .F. ) ;
#1288 = CARTESIAN_POINT ( 'NONE',  ( 2.763589515477410163, 26.23332019498575107, 5.325657847602657036 ) ) ;
#1289 = VECTOR ( 'NONE', #1397, 1000.000000000000000 ) ;
#1290 = CARTESIAN_POINT ( 'NONE',  ( 1.672199963409065876E-14, 25.49071072270788108, 5.999999999999999112 ) ) ;
#1291 = CARTESIAN_POINT ( 'NONE',  ( 2.507702889277006797, 27.12657946019471211, 5.377553943523270874 ) ) ;
#1292 = CARTESIAN_POINT ( 'NONE',  ( 7.348378630075893108E-16, 19.25000000000000000, 6.000000000000000888 ) ) ;
#1293 = CARTESIAN_POINT ( 'NONE',  ( -3.744998964762016769, 32.43916451537825196, -5.979033081377690628 ) ) ;
#1294 = CARTESIAN_POINT ( 'NONE',  ( 5.011574374203235926, 28.72663264917691706, -2.693591409646809431 ) ) ;
#1295 = ORIENTED_EDGE ( 'NONE', *, *, #1228, .T. ) ;
#1296 = CARTESIAN_POINT ( 'NONE',  ( 1.456774986048536169, 25.87839050439450972, 5.820474565102552233 ) ) ;
#1297 = CARTESIAN_POINT ( 'NONE',  ( 1.823191607941836212, 26.68049198671150180, 5.671289380346586917 ) ) ;
#1298 =( BOUNDED_SURFACE ( )  B_SPLINE_SURFACE ( 2, 3, ( 
 ( #126, #33, #1356, #27, #677, #1149, #473, #1253, #1122, #697, #480, #915, #928, #1144, #133, #906, #1246, #347 ),
 ( #10, #801, #121, #815, #584, #137, #1369, #359, #1361, #1015, #1232, #1349, #115, #562, #1373, #239, #1260, #251 ),
 ( #578, #701, #590, #932, #572, #921, #1041, #364, #225, #343, #691, #449, #1239, #233, #685, #1135, #1028, #21 ) ),
 .UNSPECIFIED., .F., .F., .T. ) 
 B_SPLINE_SURFACE_WITH_KNOTS ( ( 3, 3 ),
 ( 4, 2, 2, 2, 2, 2, 2, 2, 4 ),
 ( 0.000000000000000000, 1.000000000000000000 ),
 ( 1.570796326794897002, 1.963495408493620920, 2.356194490192344837, 2.748893571891068976, 3.141592653589793116, 3.534291735288517255, 3.926990816987241395, 4.319689898685965090, 4.712388980384689674 ),
 .UNSPECIFIED. ) 
 GEOMETRIC_REPRESENTATION_ITEM ( )  RATIONAL_B_SPLINE_SURFACE ( (
 ( 1.000000000000000000, 1.000000000000000000, 1.000000000000000000, 1.000000000000000000, 1.000000000000000000, 1.000000000000000000, 1.000000000000000000, 1.000000000000000000, 1.000000000000000000, 1.000000000000000000, 1.000000000000000000, 1.000000000000000000, 1.000000000000000000, 1.000000000000000000, 1.000000000000000000, 1.000000000000000000, 1.000000000000000000, 1.000000000000000000),
 ( 1.000000000000000000, 1.000000000000000000, 0.9979171283039061091, 0.9915546881037438087, 0.9874184661895448745, 0.9810593150370452431, 0.9790092256847877650, 0.9773955509002592024, 0.9775489113103641436, 0.9775489113103641436, 0.9773955509002592024, 0.9790092256847877650, 0.9810593150370452431, 0.9874184661895448745, 0.9915546881037956561, 0.9979171283038542617, 1.000000000000000000, 1.000000000000000000),
 ( 1.000000000000000000, 1.000000000000000000, 1.000000000000000000, 1.000000000000000000, 1.000000000000000000, 1.000000000000000000, 1.000000000000000000, 1.000000000000000000, 1.000000000000000000, 1.000000000000000000, 1.000000000000000000, 1.000000000000000000, 1.000000000000000000, 1.000000000000000000, 1.000000000000000000, 1.000000000000000000, 1.000000000000000000, 1.000000000000000000) ) ) 
 REPRESENTATION_ITEM ( '' )  SURFACE ( )  );
#1299 = CARTESIAN_POINT ( 'NONE',  ( -0.3284907229581282562, 16.78299367323516833, 5.992900663364778779 ) ) ;
#1300 = CARTESIAN_POINT ( 'NONE',  ( -2.745647841535377776, 32.65505135874802534, -5.986186423766146625 ) ) ;
#1301 = CARTESIAN_POINT ( 'NONE',  ( -3.796809902939873638, 32.55376491766756430, -3.867665521759707570 ) ) ;
#1302 = EDGE_CURVE ( 'NONE', #315, #422, #1435, .T. ) ;
#1303 = ORIENTED_EDGE ( 'NONE', *, *, #661, .F. ) ;
#1304 = CARTESIAN_POINT ( 'NONE',  ( -3.212826679099467952, 24.54731295882006847, -5.242718331310053159 ) ) ;
#1305 = FACE_OUTER_BOUND ( 'NONE', #1085, .T. ) ;
#1306 = CARTESIAN_POINT ( 'NONE',  ( 1.249999999999999778, 11.16383868360518328, 3.694252292413174210 ) ) ;
#1307 = CARTESIAN_POINT ( 'NONE',  ( -1.216617179306590302, 18.32990356175648827, 5.875704425124072650 ) ) ;
#1308 = CARTESIAN_POINT ( 'NONE',  ( -6.094886282125128396, 23.74274248964653466, 1.824683579329731575 ) ) ;
#1309 = CARTESIAN_POINT ( 'NONE',  ( -5.058059308985869862, 22.37966421618369850, 3.233512520111216926 ) ) ;
#1310 =( BOUNDED_CURVE ( )  B_SPLINE_CURVE ( 3, ( #1088, #324, #292, #179 ),
 .UNSPECIFIED., .F., .F. ) 
 B_SPLINE_CURVE_WITH_KNOTS ( ( 4, 4 ),
 ( 3.141592653589793116, 4.628764539280526336 ),
 .UNSPECIFIED. ) 
 CURVE ( )  GEOMETRIC_REPRESENTATION_ITEM ( )  RATIONAL_B_SPLINE_CURVE ( ( 1.000000000000000000, 0.8240305720172473869, 0.8240305720172473869, 1.000000000000000000 ) ) 
 REPRESENTATION_ITEM ( '' )  );
#1311 = CARTESIAN_POINT ( 'NONE',  ( 2.497082489684277817, 27.11941475009264479, -5.366903521996453819 ) ) ;
#1312 = ORIENTED_EDGE ( 'NONE', *, *, #1162, .F. ) ;
#1313 = CARTESIAN_POINT ( 'NONE',  ( -4.487503442903664208, 24.18469513302571983, -4.268954717859710257 ) ) ;
#1314 = DIRECTION ( 'NONE',  ( -0.000000000000000000, -1.000000000000000000, -0.000000000000000000 ) ) ;
#1315 = CARTESIAN_POINT ( 'NONE',  ( 2.123097237168482199, 26.87614315904804485, 5.548750277215866333 ) ) ;
#1316 = CARTESIAN_POINT ( 'NONE',  ( -6.268545784091415385, 38.02098740571650382, -3.867665521759708902 ) ) ;
#1317 = CARTESIAN_POINT ( 'NONE',  ( -2.115115109051392661, 24.18395017280248638, 5.615003686661285798 ) ) ;
#1318 = CARTESIAN_POINT ( 'NONE',  ( 2.176035408591154852, 26.91061148037977802, -5.525027341512888768 ) ) ;
#1319 = EDGE_LOOP ( 'NONE', ( #28, #1343, #608, #996, #1442, #922 ) ) ;
#1320 = CARTESIAN_POINT ( 'NONE',  ( -5.889935972305385903, 23.79780622703314208, -2.337772162354273764 ) ) ;
#1321 = B_SPLINE_CURVE_WITH_KNOTS ( 'NONE', 3,
 ( #1236, #230, #999, #455, #913, #538, #1215, #205, #657, #99 ),
 .UNSPECIFIED., .F., .F.,
 ( 4, 2, 2, 2, 4 ),
 ( 0.003918807198030616924, 0.004408674105827128757, 0.004898541013623639723, 0.005388407921420151556, 0.005878274829216663389 ),
 .UNSPECIFIED. ) ;
#1322 = CARTESIAN_POINT ( 'NONE',  ( -3.117622618628665521, 33.83748640037611466, 3.864346183415387159 ) ) ;
#1323 = CARTESIAN_POINT ( 'NONE',  ( -0.6303106178099269208, 19.09165491807710779, 3.851707433051417162 ) ) ;
#1324 = CARTESIAN_POINT ( 'NONE',  ( -9.667383722686924585, 36.48436991751113823, -7.799999999999999822 ) ) ;
#1325 = AXIS2_PLACEMENT_3D ( 'NONE', #148, #25, #141 ) ;
#1326 = CARTESIAN_POINT ( 'NONE',  ( -2.214673056944758578, 24.12246455817478363, 5.576309463855213977 ) ) ;
#1327 = CARTESIAN_POINT ( 'NONE',  ( 2.284567106744929355, 26.52356543147153189, -3.900000000000000799 ) ) ;
#1328 = VERTEX_POINT ( 'NONE', #981 ) ;
#1329 = B_SPLINE_CURVE_WITH_KNOTS ( 'NONE', 3,
 ( #946, #529, #648, #491, #1272, #264, #872, #714, #1163, #89, #839, #1389, #1087, #536, #82, #1169, #159, #612, #1058, #54, #1095, #520, #300, #980, #1313, #1206, #4, #423, #1111, #681, #655, #1451, #880, #453, #911, #766, #1320, #437, #997, #551, #430, #1345 ),
 .UNSPECIFIED., .F., .F.,
 ( 4, 2, 2, 2, 1, 1, 1, 1, 2, 2, 2, 2, 2, 1, 1, 1, 2, 2, 2, 2, 1, 1, 1, 2, 2, 4 ),
 ( 0.000000000000000000, 0.06249999999998420708, 0.09374999999997631062, 0.1093749999999723693, 0.1171874999999704126, 0.1210937499999693023, 0.1230468749999687611, 0.1240234374999686640, 0.1245117187499687056, 0.1249999999999687472, 0.1874999999999745759, 0.2187499999999774625, 0.2343749999999788503, 0.2421874999999795997, 0.2460937499999798772, 0.2480468749999800437, 0.2490234374999801270, 0.2499999999999802380, 0.3124999999999859002, 0.3437499999999887312, 0.3593749999999901190, 0.3671874999999907851, 0.3710937499999910627, 0.3730468749999912292, 0.3749999999999913958, 0.5000000000000000000 ),
 .UNSPECIFIED. ) ;
#1330 = LINE ( 'NONE', #1125, #1080 ) ;
#1331 = CARTESIAN_POINT ( 'NONE',  ( 0.9421393044691087626, 11.82553285983497382, 3.784952196071625696 ) ) ;
#1332 = CARTESIAN_POINT ( 'NONE',  ( -3.792460884894576001, 35.82028621218591269, 5.956489073126918221 ) ) ;
#1333 = LINE ( 'NONE', #897, #394 ) ;
#1334 = CARTESIAN_POINT ( 'NONE',  ( -6.000000000000004441, 21.80813585019356182, -0.4021931111928837566 ) ) ;
#1335 = CARTESIAN_POINT ( 'NONE',  ( -0.6292863151628669272, 9.907750354541633442, 5.968815900124270435 ) ) ;
#1336 = ORIENTED_EDGE ( 'NONE', *, *, #190, .T. ) ;
#1337 = DIRECTION ( 'NONE',  ( -0.000000000000000000, -0.000000000000000000, 1.000000000000000000 ) ) ;
#1338 = CARTESIAN_POINT ( 'NONE',  ( -5.369559801919234765, 34.60274820278943508, 5.909554597448050117 ) ) ;
#1339 = LINE ( 'NONE', #771, #706 ) ;
#1340 = VECTOR ( 'NONE', #312, 1000.000000000000000 ) ;
#1341 = CARTESIAN_POINT ( 'NONE',  ( -5.170744482251270924, 22.31104546372797159, -3.069473939131334816 ) ) ;
#1342 = CARTESIAN_POINT ( 'NONE',  ( 1.250000000000000000, 11.00000000000000000, 3.694252292413175098 ) ) ;
#1343 = ORIENTED_EDGE ( 'NONE', *, *, #337, .T. ) ;
#1344 = EDGE_CURVE ( 'NONE', #360, #1280, #1310, .T. ) ;
#1345 = CARTESIAN_POINT ( 'NONE',  ( -6.399583133963297144, 23.66194198072138377, 5.312590645178971727E-15 ) ) ;
#1346 = APPLICATION_PROTOCOL_DEFINITION ( 'draft international standard', 'automotive_design', 1998, #326 ) ;
#1347 = CARTESIAN_POINT ( 'NONE',  ( -0.7689523082180430569, 18.99872003236461993, 3.825251352521471748 ) ) ;
#1348 = CARTESIAN_POINT ( 'NONE',  ( -2.745647841535386213, 32.78034070677315981, -3.873171950815823994 ) ) ;
#1349 = CARTESIAN_POINT ( 'NONE',  ( 5.387238074452763037, 27.89517236702596747, -2.778329486104481827 ) ) ;
#1350 = VECTOR ( 'NONE', #1229, 1000.000000000000000 ) ;
#1351 = VERTEX_POINT ( 'NONE', #188 ) ;
#1352 = ADVANCED_FACE ( 'NONE', ( #1452 ), #83, .F. ) ;
#1353 = CARTESIAN_POINT ( 'NONE',  ( -1.249999999999999778, 11.16557903832051224, 5.868347297152753050 ) ) ;
#1354 = CARTESIAN_POINT ( 'NONE',  ( 5.737986068503831305, 27.13571073650480869, -1.753819274787215443 ) ) ;
#1355 = CARTESIAN_POINT ( 'NONE',  ( 4.776122516674677286E-16, 28.20331576472465684, 3.899999999999999911 ) ) ;
#1356 = CARTESIAN_POINT ( 'NONE',  ( 1.460260449827712081, 26.44453969394604087, 5.843836058825416124 ) ) ;
#1357 = DIRECTION ( 'NONE',  ( 0.000000000000000000, 0.000000000000000000, -1.000000000000000000 ) ) ;
#1358 = ORIENTED_EDGE ( 'NONE', *, *, #461, .T. ) ;
#1359 = CARTESIAN_POINT ( 'NONE',  ( 4.433236620830289354, 26.71217196696310481, -4.044375004789359629 ) ) ;
#1360 = FACE_BOUND ( 'NONE', #241, .T. ) ;
#1361 = CARTESIAN_POINT ( 'NONE',  ( 6.000000000000000000, 28.20331576472466750, 0.6952940648672767399 ) ) ;
#1362 = B_SPLINE_CURVE_WITH_KNOTS ( 'NONE', 3,
 ( #229, #581, #339, #1242, #445, #111, #236, #1257, #1353, #1250 ),
 .UNSPECIFIED., .F., .F.,
 ( 4, 2, 2, 2, 4 ),
 ( 0.005878274829216663389, 0.006367853318386790598, 0.006857431807556918675, 0.007347010296727046752, 0.007836588785897173962 ),
 .UNSPECIFIED. ) ;
#1363 = CARTESIAN_POINT ( 'NONE',  ( 1.250000000000000000, 11.00000000000000000, 5.868347297152752162 ) ) ;
#1364 =( GEOMETRIC_REPRESENTATION_CONTEXT ( 3 ) GLOBAL_UNCERTAINTY_ASSIGNED_CONTEXT ( ( #37 ) ) GLOBAL_UNIT_ASSIGNED_CONTEXT ( ( #467, #907, #795 ) ) REPRESENTATION_CONTEXT ( 'NONE', 'WORKASPACE' ) );
#1365 = ORIENTED_EDGE ( 'NONE', *, *, #1030, .F. ) ;
#1366 = ORIENTED_EDGE ( 'NONE', *, *, #513, .T. ) ;
#1367 = CARTESIAN_POINT ( 'NONE',  ( 1.359790492510378535, 25.85241344471490521, -5.843948225386221829 ) ) ;
#1368 = CARTESIAN_POINT ( 'NONE',  ( -3.795203709285074556, 33.39280155302432718, 5.997590557006206247 ) ) ;
#1369 = CARTESIAN_POINT ( 'NONE',  ( 5.387238074453447823, 27.89517236702734593, 2.778329486106743129 ) ) ;
#1370 = ORIENTED_EDGE ( 'NONE', *, *, #563, .F. ) ;
#1371 = CARTESIAN_POINT ( 'NONE',  ( 2.509899690884503265, 26.16347664111589566, -5.450090260999318481 ) ) ;
#1372 = CARTESIAN_POINT ( 'NONE',  ( 0.000000000000000000, 25.49071072270785621, -3.899999999999999911 ) ) ;
#1373 = CARTESIAN_POINT ( 'NONE',  ( 3.230345329755364592, 26.89822379550121667, -5.141600767152739060 ) ) ;
#1374 = FACE_OUTER_BOUND ( 'NONE', #1188, .T. ) ;
#1375 = VECTOR ( 'NONE', #953, 1000.000000000000000 ) ;
#1376 = ORIENTED_EDGE ( 'NONE', *, *, #1392, .T. ) ;
#1377 = ADVANCED_FACE ( 'NONE', ( #302 ), #752, .T. ) ;
#1378 = ORIENTED_EDGE ( 'NONE', *, *, #1090, .F. ) ;
#1379 = CARTESIAN_POINT ( 'NONE',  ( -9.431058826898556344E-15, 25.49071072270786331, -6.000000000000000888 ) ) ;
#1380 = CARTESIAN_POINT ( 'NONE',  ( -0.7955250839623889680, 25.13347560255284563, -6.000000000072905237 ) ) ;
#1381 = CARTESIAN_POINT ( 'NONE',  ( 0.2326162773130749928, 40.96016823683886798, 7.347880794884120722E-16 ) ) ;
#1382 = CARTESIAN_POINT ( 'NONE',  ( -2.794485780130899322, 33.00691649587868426, -3.867665521759711122 ) ) ;
#1383 = LINE ( 'NONE', #386, #446 ) ;
#1384 = VECTOR ( 'NONE', #342, 1000.000000000000000 ) ;
#1385 = EDGE_CURVE ( 'NONE', #935, #1255, #196, .T. ) ;
#1386 = CARTESIAN_POINT ( 'NONE',  ( 2.755765855227925165, 26.23115896481021281, 5.329708895959533344 ) ) ;
#1387 = CARTESIAN_POINT ( 'NONE',  ( -5.585940590659779659, 23.87964527097760836, -3.021713878963493194 ) ) ;
#1388 = CARTESIAN_POINT ( 'NONE',  ( 0.7686767630154205388, 17.00086548980824119, 3.825332514316146959 ) ) ;
#1389 = CARTESIAN_POINT ( 'NONE',  ( -2.426737575262270852, 24.77658283646471915, -5.548701384935797343 ) ) ;
#1390 = CARTESIAN_POINT ( 'NONE',  ( -8.309116397387699138, 37.09844371668003049, -3.603253677134711896 ) ) ;
#1391 = VERTEX_POINT ( 'NONE', #1118 ) ;
#1392 = EDGE_CURVE ( 'NONE', #1011, #600, #1146, .T. ) ;
#1393 = CIRCLE ( 'NONE', #1325, 6.000000000000000888 ) ;
#1394 = FACE_OUTER_BOUND ( 'NONE', #901, .T. ) ;
#1395 = CARTESIAN_POINT ( 'NONE',  ( -9.667383722686926362, 36.48436991751113112, 0.000000000000000000 ) ) ;
#1396 = CARTESIAN_POINT ( 'NONE',  ( -2.869559801919237874, 34.76558953350205172, 5.898819222673836293 ) ) ;
#1397 = DIRECTION ( 'NONE',  ( 0.4119559801919229769, -0.9112037480081565111, -0.000000000000000000 ) ) ;
#1398 = B_SPLINE_CURVE_WITH_KNOTS ( 'NONE', 3,
 ( #861, #977, #94, #168, #985, #413, #1067, #1406, #63, #1084, #646, #1100 ),
 .UNSPECIFIED., .F., .F.,
 ( 4, 2, 2, 2, 2, 4 ),
 ( 0.001959892196451449263, 0.002204756571648846739, 0.002449620946846244214, 0.002939349697241035696, 0.003429078447635826310, 0.003918807198030617792 ),
 .UNSPECIFIED. ) ;
#1399 = CARTESIAN_POINT ( 'NONE',  ( -2.946417762728403833, 32.33733014984259313, -5.999593871869424611 ) ) ;
#1400 = ORIENTED_EDGE ( 'NONE', *, *, #523, .F. ) ;
#1401 = CARTESIAN_POINT ( 'NONE',  ( 4.779419092943036240, 26.81826033625120687, 3.627597349452717612 ) ) ;
#1402 = CARTESIAN_POINT ( 'NONE',  ( -2.931426187483325840, 23.68055917561370549, 5.290547483490473546 ) ) ;
#1403 = CARTESIAN_POINT ( 'NONE',  ( 1.987274931208015794, 26.78759944511558544, 5.606716234279139677 ) ) ;
#1404 =( BOUNDED_SURFACE ( )  B_SPLINE_SURFACE ( 3, 1, ( 
 ( #39, #700 ),
 ( #1143, #1155 ),
 ( #927, #939 ),
 ( #831, #1259 ) ),
 .UNSPECIFIED., .F., .F., .F. ) 
 B_SPLINE_SURFACE_WITH_KNOTS ( ( 4, 4 ),
 ( 2, 2 ),
 ( 0.000000000000000000, 1.000000000000000000 ),
 ( 0.000000000000000000, 1.000000000000000000 ),
 .UNSPECIFIED. ) 
 GEOMETRIC_REPRESENTATION_ITEM ( )  RATIONAL_B_SPLINE_SURFACE ( (
 ( 1.000000000000000000, 1.000000000000000000),
 ( 0.3333333333333333703, 0.3333333333333333703),
 ( 0.3333333333333333703, 0.3333333333333333703),
 ( 1.000000000000000000, 1.000000000000000000) ) ) 
 REPRESENTATION_ITEM ( '' )  SURFACE ( )  );
#1405 = CARTESIAN_POINT ( 'NONE',  ( -1.858889462706801332, 24.94223163692054612, 5.752750331567503039 ) ) ;
#1406 = CARTESIAN_POINT ( 'NONE',  ( 1.000242163602897305, 17.23255441561017065, 5.917202378008047603 ) ) ;
#1407 = ORIENTED_EDGE ( 'NONE', *, *, #1076, .T. ) ;
#1408 = CARTESIAN_POINT ( 'NONE',  ( 3.900000000000001243, 27.25390400001877822, 4.776122516674677286E-16 ) ) ;
#1409 = AXIS2_PLACEMENT_3D ( 'NONE', #308, #758, #723 ) ;
#1410 = CARTESIAN_POINT ( 'NONE',  ( -3.593755462376449383, 23.27366790529453766, 4.868149957700955710 ) ) ;
#1411 = CARTESIAN_POINT ( 'NONE',  ( 2.085466844501000061, 26.85162865117040809, 5.565260449060529524 ) ) ;
#1412 = B_SPLINE_CURVE_WITH_KNOTS ( 'NONE', 3,
 ( #936, #357, #1142, #470, #1049, #602, #828, #36, #135, #920 ),
 .UNSPECIFIED., .F., .F.,
 ( 4, 2, 2, 2, 4 ),
 ( 0.000000000000000000, 0.0004919048029085229101, 0.0009838096058170458201, 0.001475714408725568513, 0.001967619211634091207 ),
 .UNSPECIFIED. ) ;
#1413 = ADVANCED_FACE ( 'NONE', ( #221 ), #454, .T. ) ;
#1414 = CARTESIAN_POINT ( 'NONE',  ( -0.6292863151628661500, 16.90775035454162989, 5.968815900124269547 ) ) ;
#1415 = CARTESIAN_POINT ( 'NONE',  ( -8.421814233296762708, 42.78379308332683451, -32.00000000000000000 ) ) ;
#1416 = CARTESIAN_POINT ( 'NONE',  ( 5.600416188859504985, 29.08715356260048424, -0.8111645944529339847 ) ) ;
#1417 = ORIENTED_EDGE ( 'NONE', *, *, #113, .T. ) ;
#1418 = CARTESIAN_POINT ( 'NONE',  ( 1.276232788438366406, 25.83003358200548405, 5.864804883864020546 ) ) ;
#1419 = DIRECTION ( 'NONE',  ( -0.000000000000000000, -1.000000000000000000, -0.000000000000000000 ) ) ;
#1420 = CARTESIAN_POINT ( 'NONE',  ( 1.216854249389315967, 11.32912466280361130, 3.705880583975694087 ) ) ;
#1421 = CARTESIAN_POINT ( 'NONE',  ( -1.091562847667683078, 18.63046353632478613, 5.900216131803829533 ) ) ;
#1422 = CARTESIAN_POINT ( 'NONE',  ( -11.76738372268692956, 35.53495815280525250, 0.000000000000000000 ) ) ;
#1423 = CARTESIAN_POINT ( 'NONE',  ( -2.604927685446687846, 23.88217089495988787, -5.406022920982691993 ) ) ;
#1424 = CARTESIAN_POINT ( 'NONE',  ( -2.745647841535386213, 32.78034070677315981, -3.873171950815823994 ) ) ;
#1425 = EDGE_CURVE ( 'NONE', #117, #894, #1362, .T. ) ;
#1426 = ORIENTED_EDGE ( 'NONE', *, *, #375, .T. ) ;
#1427 = CARTESIAN_POINT ( 'NONE',  ( 0.1650604345698601094, 19.25000000000000355, 6.000000000000002665 ) ) ;
#1428 = CARTESIAN_POINT ( 'NONE',  ( 4.776122516674677286E-16, 28.20331576472465684, 3.899999999999999911 ) ) ;
#1429 = CARTESIAN_POINT ( 'NONE',  ( -0.3296402842405610767, 9.783268556594572729, 3.889004871349332593 ) ) ;
#1430 = CARTESIAN_POINT ( 'NONE',  ( -5.573320068973702135, 23.88323765562302370, 2.965129121407956703 ) ) ;
#1431 = CARTESIAN_POINT ( 'NONE',  ( -4.142815520108849903, 22.93779992125006473, 4.340184258859617117 ) ) ;
#1432 = CARTESIAN_POINT ( 'NONE',  ( 5.442864316806437230, 28.99234864679986146, -1.608098162526593988 ) ) ;
#1433 = ORIENTED_EDGE ( 'NONE', *, *, #295, .F. ) ;
#1434 = CARTESIAN_POINT ( 'NONE',  ( 1.250000000000000444, 18.00000000000000000, 3.694252292413175098 ) ) ;
#1435 = B_SPLINE_CURVE_WITH_KNOTS ( 'NONE', 3,
 ( #1445, #1112, #1436, #641, #998, #1207, #530, #431, #537, #1006 ),
 .UNSPECIFIED., .F., .F.,
 ( 4, 2, 2, 2, 4 ),
 ( 0.005900571547109217593, 0.006392224245762213701, 0.006883876944415209809, 0.007375529643068205916, 0.007867182341721202024 ),
 .UNSPECIFIED. ) ;
#1436 = CARTESIAN_POINT ( 'NONE',  ( -0.3296402842405607991, 16.78326855659456740, 3.889004871349331705 ) ) ;
#1437 = COLOUR_RGB ( '',0.7921568627450980005, 0.8196078431372548767, 0.9333333333333333481 ) ;
#1438 = CARTESIAN_POINT ( 'NONE',  ( -1.867383722686926983, 40.01075647213298936, 4.776122516674677286E-16 ) ) ;
#1439 = CARTESIAN_POINT ( 'NONE',  ( -5.266221661282438404, 38.47413898392761666, -5.979033081377691516 ) ) ;
#1440 = CARTESIAN_POINT ( 'NONE',  ( -2.265014308635885154, 24.09143102762191901, -5.556079142200991861 ) ) ;
#1441 = CARTESIAN_POINT ( 'NONE',  ( 3.716577060466811577, 27.90881364773492024, -4.491738768484699662 ) ) ;
#1442 = ORIENTED_EDGE ( 'NONE', *, *, #942, .F. ) ;
#1443 = CARTESIAN_POINT ( 'NONE',  ( 0.2326162773130741324, 40.96016823683886798, 7.347880794884120722E-16 ) ) ;
#1444 = ADVANCED_FACE ( 'NONE', ( #798 ), #694, .F. ) ;
#1445 = CARTESIAN_POINT ( 'NONE',  ( 1.066121234726256422E-14, 16.74999999999986500, 3.900000000000042544 ) ) ;
#1446 = CARTESIAN_POINT ( 'NONE',  ( -3.357942639955063591, 35.59727303498533502, 5.915249992090705788 ) ) ;
#1447 = CARTESIAN_POINT ( 'NONE',  ( 4.776122516674677286E-16, 25.49071072270785621, 3.899999999999999911 ) ) ;
#1448 = CARTESIAN_POINT ( 'NONE',  ( -4.149242010909193645, 22.93386765832478602, 4.334046435487524995 ) ) ;
#1449 = CARTESIAN_POINT ( 'NONE',  ( 0.6306671557529767158, 9.908353267014380350, 5.968700329892010714 ) ) ;
#1450 = ORIENTED_EDGE ( 'NONE', *, *, #35, .F. ) ;
#1451 = CARTESIAN_POINT ( 'NONE',  ( -5.562356559834766401, 23.88645276593743461, -2.963277018100901383 ) ) ;
#1452 = FACE_OUTER_BOUND ( 'NONE', #365, .T. ) ;
#1453 = CARTESIAN_POINT ( 'NONE',  ( -4.446448659978642581, 35.82031860171328930, 5.998983112685328578 ) ) ;
#1454 = B_SPLINE_CURVE_WITH_KNOTS ( 'NONE', 3,
 ( #408, #606, #1278, #187, #865, #1198, #416, #40, #271, #371, #988, #708, #195, #1434 ),
 .UNSPECIFIED., .F., .F.,
 ( 4, 2, 2, 2, 2, 2, 4 ),
 ( 0.001967619211634091640, 0.002213431721868715923, 0.002459244232103340207, 0.002950869252572588773, 0.003196681762807217393, 0.003442494273041845146, 0.003934119293511091978 ),
 .UNSPECIFIED. ) ;
#1455 = CARTESIAN_POINT ( 'NONE',  ( -1.867383722686929204, 40.01075647213298936, 7.800000000000000711 ) ) ;
#1456 = CARTESIAN_POINT ( 'NONE',  ( -4.177220483284180830, 22.91675374627339323, -4.307086768893324980 ) ) ;
ENDSEC;
END-ISO-10303-21;
